{
  "episode_reward": -10.378198171849363,
  "spacing_error_mean": 0.08155196862740294,
  "spacing_error_final": 0.16035035912639284,
  "straightness_mean": 0.899064157072817,
  "straightness_final": 0.8022013304231451,
  "spacing_series": [
    0.012004818703511071,
    0.012001060378895765,
    0.012202293384992853,
    0.012839331745631956,
    0.013764204637671733,
    0.014788496795767355,
    0.016069840515408943,
    0.017478195230057794,
    0.018938946885564377,
    0.02041261096968391,
    0.021886275053807483,
    0.023359939137927017,
    0.02485460826826149,
    0.02637717824720364,
    0.02795435602058596,
    0.02955454304032244,
    0.031229437456175915,
    0.032916503796680124,
    0.03460357013718344,
    0.0362929552064701,
    0.0379857593853455,
    0.039678563564223134,
    0.04137136774310571,
    0.04306417192198469,
    0.04475697610087579,
    0.04644978027974805,
    0.048142584458636895,
    0.04983538863751184,
    0.051528192816395306,
    0.0532209969952716,
    0.05491380117414475,
    0.05663112579764484,
    0.058353036433482504,
    0.060074947069316584,
    0.06180096696258961,
    0.06353687863662895,
    0.065272790310653,
    0.06701147018196317,
    0.06876479985525562,
    0.07052514380089211,
    0.07229159157451724,
    0.07405803934814416,
    0.0746123659098915,
    0.07637881368351034,
    0.07814526145714801,
    0.07991170923077134,
    0.08168384820540923,
    0.08345875635695099,
    0.08523786587391174,
    0.0870208728982548,
    0.08880387992259338,
    0.09058688694693105,
    0.09236989397128667,
    0.09415290099562615,
    0.09593590801995933,
    0.09771891504428534,
    0.09950192206864904,
    0.10128492909297593,
    0.10306793611732619,
    0.10485094314166117,
    0.10663395016601139,
    0.10841695719034727,
    0.11019996421469123,
    0.11198297123903339,
    0.11376597826338272,
    0.11555026982922276,
    0.11734227340110598,
    0.11913427697300175,
    0.12092628054487418,
    0.12271828411677356,
    0.12451028768864422,
    0.1263022912605364,
    0.12809429483241425,
    0.12988629840430463,
    0.1316783019762022,
    0.1334703055480872,
    0.13526230911999376,
    0.13705431269188592,
    0.1388463162637494,
    0.14063831983561106,
    0.1424303234075194,
    0.14422232697940082,
    0.1460143305512912,
    0.14780633412319596,
    0.14959833769506842,
    0.15139034126695522,
    0.15318234483883306,
    0.15497434841072702,
    0.15676635198261923,
    0.1585583555545132,
    0.16035035912639284
  ],
  "straightness_series": [
    0.9852689250984851,
    0.985012518059015,
    0.9844448879684189,
    0.9835983015934007,
    0.9825132143437699,
    0.9812309336148098,
    0.9797889458821261,
    0.9782189372127841,
    0.976546593583231,
    0.9747922651825061,
    0.9729719031516504,
    0.9710979740626751,
    0.9691802400455035,
    0.9672263829080918,
    0.9652424874144178,
    0.9632334095655324,
    0.9612030554373102,
    0.959154592132949,
    0.9570906078056358,
    0.9550132336297206,
    0.9529242373317472,
    0.950825095397911,
    0.9487170492165473,
    0.9466011490456623,
    0.9444782886939672,
    0.942349233070471,
    0.9402146402194027,
    0.9380750790620159,
    0.9359310437726615,
    0.9337829654996441,
    0.9316312219770291,
    0.9294761454514898,
    0.927318029254598,
    0.9251571332799147,
    0.9229936885697155,
    0.9208279011741408,
    0.9186599554125705,
    0.9164900166415502,
    0.9143182336136395,
    0.9121447404952425,
    0.9099696585992982,
    0.907793097878444,
    0.907483434435857,
    0.9053050703368487,
    0.9031254404268384,
    0.9009446259552865,
    0.8987627012140478,
    0.8965797342627636,
    0.8943957875656922,
    0.892210918552521,
    0.8900251801131486,
    0.8878386210357128,
    0.8856512863949442,
    0.8834632178975147,
    0.8812744541895727,
    0.8790850311313401,
    0.8768949820428596,
    0.8747043379242744,
    0.8725131276534362,
    0.8703213781640281,
    0.8681291146058706,
    0.8659363604897821,
    0.8637431378185516,
    0.8615494672055818,
    0.8593553679825761,
    0.8571608582973758,
    0.8549659552029235,
    0.8527706747384358,
    0.8505750320034713,
    0.8483790412254822,
    0.8461827158218761,
    0.8439860684565913,
    0.8417891110922557,
    0.8395918550378536,
    0.8373943109927773,
    0.8351964890871999,
    0.8329983989193925,
    0.8308000495900787,
    0.8286014497342677,
    0.8264026075505139,
    0.8242035308281314,
    0.8220042269725096,
    0.819804703028145,
    0.8176049657006403,
    0.8154050213766044,
    0.8132048761424089,
    0.8110045358016448,
    0.8088040058912208,
    0.8066032916966479,
    0.8044023982659965,
    0.8022013304231451
  ]
}