{
  "episode_reward": -13.54627969302237,
  "spacing_error_mean": 0.07309063103045714,
  "spacing_error_final": 0.142634039261514,
  "straightness_mean": 0.9122953387800993,
  "straightness_final": 0.8285809234380374,
  "spacing_series": [
    0.01243389052599418,
    0.01242654140516298,
    0.01268814855238972,
    0.013232930186050757,
    0.013865722091340122,
    0.01459646162773377,
    0.015357619214579152,
    0.016185652167904664,
    0.01709936697412414,
    0.01810189619975213,
    0.01915282781821739,
    0.02042300834570352,
    0.021815058916502823,
    0.023220629529793344,
    0.024626200143072385,
    0.026031770756359075,
    0.027437341369642706,
    0.028905334944777757,
    0.030446504235040667,
    0.03198767352532195,
    0.033528842815592506,
    0.035070012105856946,
    0.036611181396135166,
    0.03815235068640113,
    0.03969351997667016,
    0.041249504322106556,
    0.04280926639810587,
    0.04436902847409754,
    0.04592879055008307,
    0.04748855262608698,
    0.04904831470207865,
    0.050608076778064184,
    0.05216783885404053,
    0.053727600930032184,
    0.055287363006042214,
    0.056847125082012444,
    0.05840688715800105,
    0.059966649233995764,
    0.06152641131000886,
    0.06308617338598826,
    0.06464593546198913,
    0.0662056975379624,
    0.06776545961396326,
    0.06932522168994878,
    0.07088498376597108,
    0.0724447458419168,
    0.0740045079179299,
    0.0755642699939093,
    0.07712403206991936,
    0.0786837941459294,
    0.08024355622189655,
    0.08180331829790659,
    0.08336308037390744,
    0.08492284244988378,
    0.0864826045258785,
    0.08804236660185791,
    0.08960212867784957,
    0.09116189075380755,
    0.0927216528298574,
    0.09428141490583988,
    0.09584117698183155,
    0.0974009390577987,
    0.09896070113380874,
    0.10052046320979427,
    0.10208022528578592,
    0.10363998736175921,
    0.10519974943776925,
    0.10675951151378542,
    0.10831927358976483,
    0.1098790356657381,
    0.11143879774171753,
    0.11299855981772756,
    0.11455832189370696,
    0.1161180839697354,
    0.11767784604569642,
    0.11923760812170646,
    0.12079737019771036,
    0.1223571322737204,
    0.12391689434966918,
    0.12547665642565473,
    0.12703641850167088,
    0.1285961805776503,
    0.13015594265361743,
    0.131715704729652,
    0.1332754668056314,
    0.13483522888162305,
    0.13639499095759022,
    0.13795475303356963,
    0.13951451510962257,
    0.1410742771855897,
    0.142634039261514
  ],
  "straightness_series": [
    0.9854631864558208,
    0.985426758823946,
    0.9851391477869201,
    0.9846145962254489,
    0.9838763678068116,
    0.9829523455110333,
    0.9818710542005048,
    0.9806589820270035,
    0.9793392538203813,
    0.97793128783984,
    0.9764510114455336,
    0.9749113199382855,
    0.9733225920744477,
    0.9716931710397947,
    0.9700297762479201,
    0.9683378402042058,
    0.9666217772477739,
    0.9648851950972894,
    0.9631310603329029,
    0.9613618276133488,
    0.9595795406862626,
    0.9577859115821928,
    0.9559823829623465,
    0.9541701774440796,
    0.952350336832469,
    0.9505237534977085,
    0.9486911956128907,
    0.9468533275684836,
    0.9450107265774924,
    0.9431638962560308,
    0.9413132777894109,
    0.9394592591601335,
    0.9376021828123234,
    0.9357423520480161,
    0.933880036389826,
    0.9320154760969463,
    0.9301488859841477,
    0.9282804586650677,
    0.9264103673169375,
    0.924538768046437,
    0.9226658019214572,
    0.9207915967222337,
    0.9189162684552526,
    0.9170399226667604,
    0.9151626555853997,
    0.9132845551196297,
    0.9114057017301865,
    0.9095261691964576,
    0.907646025290006,
    0.9057653323692679,
    0.9038841479051996,
    0.9020025249470363,
    0.9001205125364984,
    0.8982381560761064,
    0.8963554976580194,
    0.894472576358079,
    0.8925894284990273,
    0.8907060878869317,
    0.8888225860235828,
    0.8869389522981682,
    0.8850552141597378,
    0.8831713972734367,
    0.8812875256618167,
    0.879403621833108,
    0.8775197068975253,
    0.875635800673138,
    0.87375192178222,
    0.8718680877393286,
    0.869984315031606,
    0.8681006191920533,
    0.8662170148669274,
    0.864333515877373,
    0.862450135276102,
    0.8605668853992148,
    0.8586837779143481,
    0.8568008238644491,
    0.8549180337086515,
    0.8530354173597208,
    0.8511529842187714,
    0.8492707432072095,
    0.8473887027965302,
    0.8455068710360183,
    0.8436252555778903,
    0.8417438637012034,
    0.8398627023341232,
    0.8379817780739113,
    0.8361010972064619,
    0.8342206657237484,
    0.8323404893405679,
    0.8304605735100808,
    0.8285809234380374
  ]
}