{
  "episode_reward": -10.465898218448274,
  "spacing_error_mean": 0.08220464927995345,
  "spacing_error_final": 0.1615624803382724,
  "straightness_mean": 0.89805296757826,
  "straightness_final": 0.8003190149753707,
  "spacing_series": [
    0.012004818703511071,
    0.012001060378895765,
    0.012202293384992853,
    0.012839331745631956,
    0.013764204637671733,
    0.014788496795767355,
    0.016069840515408943,
    0.017478195230057794,
    0.018938946885564377,
    0.02041261096968391,
    0.021886275053807483,
    0.023359939137927017,
    0.02485460826826149,
    0.02637717824720364,
    0.02795435602058596,
    0.02955454304032244,
    0.031229437456175915,
    0.032916503796680124,
    0.03460357013718344,
    0.0362929552064701,
    0.0379857593853455,
    0.039678563564223134,
    0.04137136774310571,
    0.04306417192198469,
    0.04475697610087579,
    0.04644978027974805,
    0.048142584458636895,
    0.04983538863751184,
    0.051528192816395306,
    0.0532209969952716,
    0.05491380117414475,
    0.05663112579764484,
    0.058353036433482504,
    0.060074947069316584,
    0.06180096696258961,
    0.06353687863662895,
    0.065272790310653,
    0.06701147018196317,
    0.06876479985525562,
    0.07052514380089211,
    0.07229159157451724,
    0.07405803934814416,
    0.07582448712177106,
    0.07759093489538989,
    0.07935738266902757,
    0.08112383044265088,
    0.08289596941728879,
    0.08467087756883054,
    0.0864499870857913,
    0.08823299411013436,
    0.09001600113447293,
    0.0917990081588106,
    0.09358201518316622,
    0.09536502220750569,
    0.09714802923183889,
    0.09893103625616491,
    0.10071404328052858,
    0.1024970503048555,
    0.10428005732920571,
    0.10606306435354071,
    0.10784607137789096,
    0.10962907840222683,
    0.11141208542657079,
    0.11319509245091294,
    0.11497809947526229,
    0.1167623910411023,
    0.11855439461298552,
    0.12034639818488128,
    0.12213840175675374,
    0.12393040532865311,
    0.12572240890052375,
    0.12751441247241596,
    0.1293064160442938,
    0.13109841961618418,
    0.13289042318808175,
    0.13468242675996678,
    0.1364744303318733,
    0.13826643390376547,
    0.14005843747562896,
    0.14185044104749064,
    0.14364244461939896,
    0.14543444819128037,
    0.14722645176317076,
    0.14901845533507552,
    0.15081045890694797,
    0.15260246247883477,
    0.1543944660507126,
    0.15618646962260657,
    0.1579784731944988,
    0.15977047676639275,
    0.1615624803382724
  ],
  "straightness_series": [
    0.9852689250984851,
    0.985012518059015,
    0.9844448879684189,
    0.9835983015934007,
    0.9825132143437699,
    0.9812309336148098,
    0.9797889458821261,
    0.9782189372127841,
    0.976546593583231,
    0.9747922651825061,
    0.9729719031516504,
    0.9710979740626751,
    0.9691802400455035,
    0.9672263829080918,
    0.9652424874144178,
    0.9632334095655324,
    0.9612030554373102,
    0.959154592132949,
    0.9570906078056358,
    0.9550132336297206,
    0.9529242373317472,
    0.950825095397911,
    0.9487170492165473,
    0.9466011490456623,
    0.9444782886939672,
    0.942349233070471,
    0.9402146402194027,
    0.9380750790620159,
    0.9359310437726615,
    0.9337829654996441,
    0.9316312219770291,
    0.9294761454514898,
    0.927318029254598,
    0.9251571332799147,
    0.9229936885697155,
    0.9208279011741408,
    0.9186599554125705,
    0.9164900166415502,
    0.9143182336136395,
    0.9121447404952425,
    0.9099696585992982,
    0.907793097878444,
    0.9056151582160334,
    0.9034359305461444,
    0.9012554978281035,
    0.8990739358973485,
    0.8968913142098913,
    0.8947076964960416,
    0.8925231413356329,
    0.890337702665732,
    0.8881514302294903,
    0.8859643699743596,
    0.8837765644058315,
    0.8815880529026162,
    0.8793988719978147,
    0.8772090556304262,
    0.8750186353708284,
    0.8728276406232207,
    0.8706360988075053,
    0.8684440355235092,
    0.8662514746989982,
    0.8640584387236071,
    0.8618649485701199,
    0.859671023904472,
    0.8574766831857221,
    0.8552819437570113,
    0.8530868219283555,
    0.8508913330522929,
    0.8486954915929812,
    0.846499311189298,
    0.8443028047128645,
    0.8421059843210068,
    0.8399088615056257,
    0.837711447137911,
    0.8355137515097011,
    0.8333157843714184,
    0.8311175549671793,
    0.8289190720671381,
    0.8267203439974846,
    0.8245213786680392,
    0.8223221835979464,
    0.8201227659395898,
    0.8179231325003667,
    0.8157232897635116,
    0.813523243906931,
    0.8113230008209892,
    0.8091225661250516,
    0.8069219451827726,
    0.804721143116608,
    0.8025201648210786,
    0.8003190149753707
  ]
}