{
  "num_satellites": 100,
  "episode_reward": -674.4603770544894,
  "phase_mean": 1.617429137568446,
  "altitude_mean": 0.0058974508441262405,
  "anomaly_mean": 17.86652846126766,
  "collision_penalty_mean": 0.0,
  "coverage_penalty_mean": 1.2332334169347632,
  "fault_fraction_mean": 0.013626373321800441,
  "anomaly_event_fraction_mean": 0.15648351699768842,
  "min_separation_km_min": 39.417987315140984,
  "phase_series": [
    1.5836460199557243,
    1.5885465953748206,
    1.5920849769000864,
    1.591265218662884,
    1.5886509303063823,
    1.5840593727895234,
    1.5799510261527627,
    1.575995477538293,
    1.5698924770633271,
    1.5650067301371626,
    1.560838422980826,
    1.5557909045467744,
    1.550874419619263,
    1.5448731092369474,
    1.5381485917239228,
    1.5316426595286856,
    1.5232896306069532,
    1.5196709514788231,
    1.5172174036983612,
    1.5130601394251046,
    1.5069122652342475,
    1.50056752944258,
    1.4942350955184853,
    1.4850339151168632,
    1.47685171021417,
    1.4655434611442804,
    1.4562330666575616,
    1.4533592419518708,
    1.4549623671178475,
    1.4605893561924432,
    1.470468580848638,
    1.481746863059774,
    1.4939636584888845,
    1.5048724109912726,
    1.5190692630978853,
    1.5351608844237068,
    1.5503554960420058,
    1.5630744055768517,
    1.5790971092830424,
    1.5997203973003105,
    1.6218709777442546,
    1.641867028339115,
    1.6578960217613625,
    1.6710690980193572,
    1.6839943194624536,
    1.694232498425039,
    1.704653641782647,
    1.7106451890097103,
    1.717234120297455,
    1.72261056872043,
    1.7251037877727655,
    1.7259279993328605,
    1.7249484893477793,
    1.7242658959700876,
    1.7211443867412066,
    1.7169877172207069,
    1.7138607243313029,
    1.7088466210687738,
    1.7035339335216622,
    1.7005006927403192,
    1.7000925586510993,
    1.7009724542653057,
    1.704453111463164,
    1.7084623059811026,
    1.7119302924815196,
    1.719284662094487,
    1.7274020698185952,
    1.7344675780814256,
    1.7391460902302247,
    1.7397141872595783,
    1.7369131068356483,
    1.7352268229589578,
    1.7330209056769115,
    1.7304081292969817,
    1.7297377229118012,
    1.726049328064973,
    1.7175264393365786,
    1.7068006673628984,
    1.6952031671702168,
    1.6840341617404582,
    1.6712147043414745,
    1.6560266376116055,
    1.6389747271897663,
    1.6216952894407073,
    1.6083821860693654,
    1.5964253906764672,
    1.5832653403140595,
    1.5691262644901198,
    1.557965171256815,
    1.5479026696540474,
    1.5367115289636177
  ],
  "altitude_series": [
    0.005847684916940726,
    0.005844995410462901,
    0.005841984234651157,
    0.005838670208794473,
    0.005835802361660466,
    0.005833818862622396,
    0.005832263584220261,
    0.005830538516000656,
    0.00582865433375811,
    0.005826956313762208,
    0.005826989906580715,
    0.005827999130701322,
    0.005829035051361589,
    0.005831627466326595,
    0.005859856811421871,
    0.0058627599374537365,
    0.0058656296867743325,
    0.005868863063378539,
    0.005872920161014463,
    0.005876980496639098,
    0.005880886460073529,
    0.0058846252299083164,
    0.005888186173869547,
    0.00589156077665019,
    0.005894742533943284,
    0.005897726815968696,
    0.005927433931849028,
    0.005930016033939789,
    0.005932396279684346,
    0.005934575705319626,
    0.005936556229429738,
    0.005938340426299651,
    0.005941168186022448,
    0.005943901875270706,
    0.005946471786259511,
    0.0059488692147819724,
    0.0059257706858837226,
    0.005927796319689125,
    0.005929622317701559,
    0.005931239367417176,
    0.005932638116439008,
    0.0059347450414135305,
    0.005937234795631633,
    0.005939491335420437,
    0.005941493499046974,
    0.005943220912003313,
    0.0059590229947282004,
    0.005960679635375686,
    0.0059619367176002944,
    0.005962783407608905,
    0.005963211430390015,
    0.00596321518010517,
    0.005962791803352162,
    0.005935884140788055,
    0.005935721918337959,
    0.00593521234802517,
    0.005934361143484659,
    0.005933175734381706,
    0.005931665154252407,
    0.005944784226920764,
    0.00594375707750594,
    0.005942328529920401,
    0.00594050355346321,
    0.005938319777646919,
    0.005936113291818154,
    0.00593349289248608,
    0.0059304750836419,
    0.005927078655031377,
    0.005923324502742564,
    0.005919235434933057,
    0.005914847762511565,
    0.005910655466006783,
    0.005907757091262003,
    0.005904959382895841,
    0.005864576621857888,
    0.0058614557725599125,
    0.005858201891094258,
    0.00585515056608146,
    0.005854195628170387,
    0.005853138163284396,
    0.005851972574718955,
    0.005850693018461315,
    0.00584929364534984,
    0.005847768852613688,
    0.0058462499028419535,
    0.005845624222190101,
    0.005845435513270679,
    0.00584491015652358,
    0.00584404058907849,
    0.005842822688430946,
    0.005850462167300513
  ],
  "anomaly_series": [
    0.9770178198814392,
    0.9766970872879028,
    0.9765051007270813,
    0.9766035676002502,
    0.9767828583717346,
    0.9769861102104187,
    0.9773518443107605,
    0.9778510928153992,
    0.9785178899765015,
    0.9793105125427246,
    0.980201244354248,
    0.981092095375061,
    0.9820905327796936,
    0.9829995036125183,
    7.751898765563965,
    7.752681255340576,
    7.753355503082275,
    7.7543182373046875,
    7.755671977996826,
    7.75710916519165,
    7.759038925170898,
    7.761247634887695,
    7.7634735107421875,
    7.765799522399902,
    7.7684326171875,
    7.771261215209961,
    38.05499267578125,
    38.06142044067383,
    38.069053649902344,
    38.0778923034668,
    38.08794021606445,
    38.099117279052734,
    38.11136245727539,
    38.124637603759766,
    38.138431549072266,
    38.15266036987305,
    31.33694076538086,
    31.34609603881836,
    31.354997634887695,
    31.363536834716797,
    31.371553421020508,
    31.379108428955078,
    31.386154174804688,
    31.392637252807617,
    31.39862060546875,
    31.404258728027344,
    35.487178802490234,
    35.49378967285156,
    35.49971008300781,
    35.504947662353516,
    35.5092887878418,
    35.51286697387695,
    35.51571273803711,
    5.10646390914917,
    5.104547023773193,
    5.101837158203125,
    5.098501682281494,
    5.094656944274902,
    5.09022331237793,
    13.234289169311523,
    13.230642318725586,
    13.226693153381348,
    13.222450256347656,
    13.218273162841797,
    13.214072227478027,
    13.209733963012695,
    13.205378532409668,
    13.200913429260254,
    13.196368217468262,
    13.191688537597656,
    13.186853408813477,
    13.181970596313477,
    13.177062034606934,
    13.17228889465332,
    21.65865707397461,
    21.659353256225586,
    21.659414291381836,
    21.658788681030273,
    21.657339096069336,
    21.65481185913086,
    21.65131187438965,
    21.646745681762695,
    21.641202926635742,
    21.634733200073242,
    21.627479553222656,
    21.619524002075195,
    21.61089515686035,
    21.601797103881836,
    21.592439651489258,
    21.583101272583008,
    0.9823846220970154
  ],
  "collision_series": [
    0.0,
    0.0,
    0.0,
    0.0,
    0.0,
    0.0,
    0.0,
    0.0,
    0.0,
    0.0,
    0.0,
    0.0,
    0.0,
    0.0,
    0.0,
    0.0,
    0.0,
    0.0,
    0.0,
    0.0,
    0.0,
    0.0,
    0.0,
    0.0,
    0.0,
    0.0,
    0.0,
    0.0,
    0.0,
    0.0,
    0.0,
    0.0,
    0.0,
    0.0,
    0.0,
    0.0,
    0.0,
    0.0,
    0.0,
    0.0,
    0.0,
    0.0,
    0.0,
    0.0,
    0.0,
    0.0,
    0.0,
    0.0,
    0.0,
    0.0,
    0.0,
    0.0,
    0.0,
    0.0,
    0.0,
    0.0,
    0.0,
    0.0,
    0.0,
    0.0,
    0.0,
    0.0,
    0.0,
    0.0,
    0.0,
    0.0,
    0.0,
    0.0,
    0.0,
    0.0,
    0.0,
    0.0,
    0.0,
    0.0,
    0.0,
    0.0,
    0.0,
    0.0,
    0.0,
    0.0,
    0.0,
    0.0,
    0.0,
    0.0,
    0.0,
    0.0,
    0.0,
    0.0,
    0.0,
    0.0,
    0.0
  ],