{
  "num_satellites": 100,
  "episode_reward": -439.0845253046706,
  "phase_mean": 1.5974479045230263,
  "altitude_mean": 0.005888304686861374,
  "anomaly_mean": 9.418081415878547,
  "collision_penalty_mean": 5.378168342368943e-05,
  "coverage_penalty_mean": 1.0903874513324732,
  "fault_fraction_mean": 0.009120878917011585,
  "anomaly_event_fraction_mean": 0.12142856967645688,
  "min_separation_km_min": 18.882333313804207,
  "phase_series": [
    1.5862413251513443,
    1.5854441596039157,
    1.5844688826423987,
    1.5802439969334594,
    1.5746048876128365,
    1.5680930668975737,
    1.565263264405357,
    1.5633865331089936,
    1.5588758906006408,
    1.5541057046491358,
    1.5483008200288313,
    1.544099539398299,
    1.5382542096073766,
    1.5327140384750513,
    1.527034024186934,
    1.5173080965289174,
    1.5034837774602001,
    1.4902492289501224,
    1.4796458132052634,
    1.466791767184555,
    1.4534587206962695,
    1.4430811170865854,
    1.434381630937449,
    1.4301076160162853,
    1.4285300745363068,
    1.427458753244618,
    1.4300925040942247,
    1.4332389111565036,
    1.4376972841017772,
    1.4443371993125453,
    1.45616683776423,
    1.4734744935547734,
    1.4917716890805708,
    1.507058038547703,
    1.5241099808422325,
    1.541267284950923,
    1.5611031748615238,
    1.5837785618333644,
    1.6090478678885065,
    1.6376087927620384,
    1.6600304844594909,
    1.6852080547423276,
    1.7103933260676696,
    1.7362695948129778,
    1.7617429663663773,
    1.7773553957925714,
    1.7927484504508897,
    1.8066520208454495,
    1.8171175233495047,
    1.8244608798357553,
    1.8260275939491537,
    1.8289043959772155,
    1.833437924093539,
    1.8334061158406734,
    1.8339247723223635,
    1.8328647591377483,
    1.8279480587828922,
    1.825301159391434,
    1.8197112355809915,
    1.8138890835305934,
    1.8099307191607295,
    1.808303798348636,
    1.8055501300418786,
    1.7997490987994806,
    1.7903142073595293,
    1.778233968252114,
    1.7625645116416992,
    1.742393336231122,
    1.7212013129366477,
    1.7025107355313127,
    1.6894316629312403,
    1.6770713909823736,
    1.6574656404058288,
    1.6334173279213948,
    1.6051432968545627,
    1.5783077752934718,
    1.5549833574765421,
    1.531177894284527,
    1.5101255545576961,
    1.4884916599894062,
    1.4650022543999413,
    1.4421883709095653,
    1.4233393632109455,
    1.405246369221135,
    1.388459632711761,
    1.3726529005405235,
    1.3606956226580984,
    1.3542938982867958,
    1.3512686376608267,
    1.3477069361697065,
    1.3467645915966424
  ],
  "altitude_series": [
    0.005846684829217114,
    0.005843875718326373,
    0.0058407514131175965,
    0.005837332018144705,
    0.005834670907120398,
    0.005833215761152868,
    0.005831597269652113,
    0.005829812670890027,
    0.0058278733401513,
    0.005827047566043255,
    0.00582748776682167,
    0.005828507672329227,
    0.005829728560156103,
    0.005832639277371203,
    0.005835552294173286,
    0.005860487839149594,
    0.005863340007461666,
    0.005888976522025264,
    0.0058931270627134115,
    0.005897132515817078,
    0.005900978650868851,
    0.0059046534535204835,
    0.005908147076242317,
    0.005911451753446396,
    0.0059145616839490454,
    0.005917472884269158,
    0.005920183016764954,
    0.005922691197028678,
    0.005924997785286133,
    0.005905072606507378,
    0.005906980965932923,
    0.005908916319287915,
    0.005911749414026033,
    0.005914424163292651,
    0.0059169319722513335,
    0.005919264071101545,
    0.005921411509248151,
    0.005901323015059582,
    0.005903073642899919,
    0.005904611903789967,
    0.005905928450415692,
    0.005908329889657561,
    0.005910736798710656,
    0.005912902681623732,
    0.0059148066303554405,
    0.0058995619766214315,
    0.005901222413328708,
    0.005902734285877814,
    0.005903842351780594,
    0.005904536698941635,
    0.005904810017452181,
    0.0059046577002366376,
    0.00590446284112053,
    0.0059045230363407655,
    0.005904233199353803,
    0.005903597902178367,
    0.005902623498526454,
    0.005901318018230084,
    0.005899910015825487,
    0.005899139097589197,
    0.005897964668979634,
    0.005896390432002666,
    0.005894422086500452,
    0.005892067322832532,
    0.005920763520628936,
    0.0059179957274207865,
    0.005914837146019436,
    0.00591130735818442,
    0.0059074279825170484,
    0.005903222475404369,
    0.005899088381251815,
    0.005894817413713418,
    0.005890352567305324,
    0.005885725561894459,
    0.0058809685336407595,
    0.005898649804058255,
    0.005893729110660397,
    0.00589001052993072,
    0.00588755555288175,
    0.005884412239295173,
    0.005883205653686707,
    0.005881882949183073,
    0.005880438337304379,
    0.005878866369267082,
    0.005877388630097321,
    0.005877281316269266,
    0.00587697054310993,
    0.0058763199727819414,
    0.005875323277418133,
    0.005873977639722893,
    0.005849747799647631
  ],
  "anomaly_series": [
    0.9291678071022034,
    0.9285069108009338,
    0.9280837774276733,
    0.9277841448783875,
    0.9277340173721313,
    0.9276520609855652,
    0.9275302886962891,
    0.9275127649307251,
    0.9276850819587708,
    0.9280248284339905,
    0.9286741614341736,
    0.9295675754547119,
    0.9304401874542236,
    0.9312217235565186,
    0.9320431351661682,
    18.282062530517578,
    18.285017013549805,
    29.008970260620117,
    29.009401321411133,
    29.0103702545166,
    29.011735916137695,
    29.013551712036133,
    29.015817642211914,
    29.018381118774414,
    29.021299362182617,
    29.024019241333008,
    29.026599884033203,
    29.02910614013672,
    29.031435012817383,
    18.330713272094727,
    18.33298683166504,
    18.335166931152344,
    18.337051391601562,
    18.3388671875,
    18.340795516967773,
    18.342988967895508,
    18.345277786254883,
    0.9472376108169556,
    0.9471813440322876,
    0.9469888806343079,
    0.94691002368927,
    0.9469925165176392,
    0.9470215439796448,
    0.9469332098960876,
    0.946596086025238,
    3.608160972595215,
    3.605905771255493,
    3.603802442550659,
    3.6019508838653564,
    3.6000616550445557,
    3.5981717109680176,
    3.596261978149414,
    3.5943915843963623,
    3.5927884578704834,
    3.5913314819335938,
    3.5900397300720215,
    3.5889086723327637,
    3.5877957344055176,
    3.586773157119751,
    3.5858304500579834,
    3.585052728652954,
    3.5843472480773926,
    3.5837204456329346,
    3.582897663116455,
    7.489883899688721,
    7.485515117645264,
    7.481618881225586,
    7.478145122528076,
    7.474953651428223,
    7.472006797790527,
    7.469296455383301,
    7.467077732086182,
    7.465209484100342,
    7.463607311248779,
    7.462607383728027,
    14.949787139892578,
    14.950150489807129,
    14.951058387756348,
    14.952424049377441,
    8.420945167541504,
    8.423656463623047,
    8.426875114440918,
    8.430261611938477,
    8.43381118774414,
    8.437533378601074,
    8.441303253173828,
    8.445302963256836,
    8.449278831481934,
    8.453495025634766,
    8.457958221435547,
    0.9443479776382446
  ],