{
  "num_satellites": 100,
  "episode_reward": -1525.8561308598892,
  "phase_mean": 1.567099878425373,
  "altitude_mean": 0.00590016845620298,
  "anomaly_mean": 48.81284477160527,
  "collision_penalty_mean": 0.00017857711997579088,
  "coverage_penalty_mean": 1.552023193758374,
  "fault_fraction_mean": 0.02076923036640817,
  "anomaly_event_fraction_mean": 0.1353846155516394,
  "min_separation_km_min": 8.334916680559617,
  "phase_series": [
    1.5732340327307068,
    1.5770246088243725,
    1.5793362928036,
    1.5795603335398511,
    1.5809294527799727,
    1.580904212953768,
    1.5793133157170594,
    1.5760264164839222,
    1.5736352587672089,
    1.5739600886806422,
    1.574543359501618,
    1.5721360725499482,
    1.5697378199526586,
    1.5674153054800244,
    1.5633157708224499,
    1.5619272007664358,
    1.5644698754085191,
    1.566860405362352,
    1.5689663726309877,
    1.5711533747411752,
    1.573381652408227,
    1.576122853886408,
    1.5766613510345773,
    1.5760072219212267,
    1.5768985090244931,
    1.5787413648696609,
    1.5785149436433537,
    1.5773240302413318,
    1.5741943550280564,
    1.57045370425253,
    1.568445017920191,
    1.5653639059889044,
    1.5613053474430145,
    1.558051175157903,
    1.5573861780855274,
    1.556844065454441,
    1.5597845310711869,
    1.5633426993103887,
    1.5676234446697486,
    1.5747978484436198,
    1.5847807645723904,
    1.596052299585075,
    1.6068247767553556,
    1.6159858886039193,
    1.6259021047500517,
    1.6342838081330129,
    1.639095650755668,
    1.6432836628881993,
    1.6492359180166956,
    1.654196256236983,
    1.659869032940741,
    1.661038490574522,
    1.6580060333945261,
    1.651614057145552,
    1.6424294617052597,
    1.6345262340201285,
    1.6288127101695897,
    1.6239096530332089,
    1.6208506351899934,
    1.6178820996427428,
    1.6159061380774529,
    1.6119584975635295,
    1.6067129720480589,
    1.601575539026419,
    1.5948761304115482,
    1.5851358579583483,
    1.5752424070038926,
    1.5652084228460794,
    1.5560815603027123,
    1.547741657803027,
    1.5385808262493776,
    1.5323842520736657,
    1.527330298168823,
    1.5212690828280524,
    1.5125995391000393,
    1.5035837630332796,
    1.4960295805275492,
    1.4920209637354043,
    1.4875465319150183,
    1.4866646676067439,
    1.4836876934414573,
    1.4797752076892,
    1.4744610196649761,
    1.4725141907058044,
    1.4709631002331696,
    1.4685526022016873,
    1.466683988357463,
    1.4649942840816264,
    1.4629823952579384,
    1.4592955604275983,
    1.449456897903329
  ],
  "altitude_series": [
    0.005851828646077414,
    0.005849749025606623,
    0.005847323204312363,
    0.0058445634446265046,
    0.005841485729037868,
    0.005838456172347886,
    0.005836103895003564,
    0.005833686068218736,
    0.005832093643629232,
    0.005830333543104792,
    0.005828416853206404,
    0.005812770460359619,
    0.005813068850834183,
    0.0058140844805861765,
    0.005815841946434652,
    0.005818750505357229,
    0.005821664710148911,
    0.0058245626078937685,
    0.005827637212607701,
    0.005831495144635404,
    0.005835195398245215,
    0.0058390150428374,
    0.005842886390202383,
    0.0058465880836729755,
    0.005850109950456439,
    0.005878783575746164,
    0.005881923546461786,
    0.005884865273937516,
    0.005887606182130201,
    0.005903830010642036,
    0.00590616728057637,
    0.005908304067732834,
    0.005910242449971821,
    0.00591283199276665,
    0.005915688538460916,
    0.005918388025054547,
    0.005920921882281597,
    0.005923281367428633,
    0.005925457556645035,
    0.00592744135532533,
    0.005929223527921376,
    0.0059166153252043895,
    0.005918330264877477,
    0.0059209882729762235,
    0.00589809039680148,
    0.005900294384476015,
    0.00592888232185943,
    0.00593103126498715,
    0.005932992919538456,
    0.005913900985064462,
    0.0059154252224787145,
    0.0059164415244384,
    0.005943435351257654,
    0.005943429063409525,
    0.0059429145362345755,
    0.005942361806461207,
    0.005956160002823472,
    0.0059553689006565415,
    0.005954179744840717,
    0.005952605845017943,
    0.005950661778888805,
    0.005948757147448152,
    0.005947198327414178,
    0.005945204801620984,
    0.005943111266188055,
    0.005940700991251032,
    0.005965837475239008,
    0.005962539578827824,
    0.0059588234414064125,
    0.005954708362928897,
    0.005950215168545951,
    0.005945366076695458,
    0.005940184568673025,
    0.005934695260733348,
    0.005930373230797794,
    0.005927137016463075,
    0.005936381586777751,
    0.0059326216507912975,
    0.005928624442459441,
    0.005954872891892378,
    0.005926081476384043,
    0.005923956160434857,
    0.005921611895359441,
    0.005919043316109322,
    0.005916245612618545,
    0.005913540554795259,
    0.005911383027034479,
    0.005895751155392489,
    0.005895491273134637,
    0.00589489283704669,
    0.005853201365188504
  ],
  "anomaly_series": [
    0.881450355052948,
    0.8794740438461304,
    0.8777386546134949,
    0.8763836622238159,
    0.8751346468925476,
    0.874110996723175,
    0.8733495473861694,
    0.8728433847427368,
    0.8724507093429565,
    0.8721852898597717,
    0.872059166431427,
    3.131195068359375,
    3.131699800491333,
    3.132594347000122,
    3.133624792098999,
    3.134758710861206,
    3.135866403579712,
    3.137061357498169,
    3.138418674468994,
    3.1399412155151367,
    3.1416308879852295,
    3.1434662342071533,
    3.1454412937164307,
    3.1474649906158447,
    3.149649143218994,
    12.913827896118164,
    12.917031288146973,
    12.9205904006958,
    12.924339294433594,
    10.648122787475586,
    10.651405334472656,
    10.654780387878418,
    10.658263206481934,
    10.661772727966309,
    10.665255546569824,
    10.66884994506836,
    10.672497749328613,
    10.6762056350708,
    10.679976463317871,
    10.68379020690918,
    10.687639236450195,
    20.428709030151367,
    20.43524932861328,
    20.44166374206543,
    10.666038513183594,
    10.670035362243652,
    61.313209533691406,
    61.307395935058594,
    61.30100631713867,
    111.08294677734375,
    111.08091735839844,
    111.078125,
    124.76153564453125,
    124.76111602783203,
    124.75949096679688,
    124.75662231445312,
    115.02190399169922,
    115.02043151855469,
    115.01770782470703,
    115.01343536376953,
    115.00752258300781,
    115.00006866455078,
    114.99095916748047,
    114.98021697998047,
    114.96778106689453,
    114.95409393310547,
    125.24578094482422,
    125.22893524169922,
    125.21170806884766,
    125.19429016113281,
    125.17683410644531,
    125.1595230102539,
    125.1425552368164,
    125.12606811523438,
    125.11029052734375,
    125.09521484375,
    128.57363891601562,
    128.5612030029297,
    128.54995727539062,
    78.85269165039062,
    28.350210189819336,
    28.347332000732422,
    28.345121383666992,
    28.343555450439453,
    28.34259796142578,
    28.34223175048828,
    28.342384338378906,
    14.774415016174316,
    14.77872085571289,
    14.783127784729004,
    0.9179619550704956
  ],