{
  "num_satellites": 100,
  "episode_reward": -922.3878076580793,
  "phase_mean": 1.5590782738587319,
  "altitude_mean": 0.005870776184458476,
  "anomaly_mean": 27.35307102543967,
  "collision_penalty_mean": 0.00018509487611251873,
  "coverage_penalty_mean": 0.986019434761421,
  "fault_fraction_mean": 0.009999999776482582,
  "anomaly_event_fraction_mean": 0.21120879168693835,
  "min_separation_km_min": 3.9454578153286275,
  "phase_series": [
    1.5813440053220924,
    1.58455498415858,
    1.5875081677992684,
    1.590285115589534,
    1.5912825215819852,
    1.5900551978232682,
    1.5884120287419197,
    1.5840766811422164,
    1.5805999588760755,
    1.5773071260709488,
    1.5755664199152957,
    1.5759887161019444,
    1.57448568434663,
    1.5723405574242992,
    1.5706489729861532,
    1.56883694196543,
    1.5679797546858854,
    1.5659413336401005,
    1.5632790983877392,
    1.5605447547939497,
    1.5552277649840933,
    1.5490968287210354,
    1.5439134758601825,
    1.5415397410518363,
    1.5400261232440338,
    1.538362454611941,
    1.535947135690561,
    1.533398761207007,
    1.5286558301453064,
    1.523197550918671,
    1.518159620818335,
    1.5137903618008917,
    1.5110335120942988,
    1.509472405346294,
    1.508983425446775,
    1.5095277823378601,
    1.5111696538439652,
    1.5130312102716161,
    1.514625116716731,
    1.515772163642562,
    1.5161967702625707,
    1.5184133776511166,
    1.5209012676131552,
    1.524975329329288,
    1.5319766683045972,
    1.5423243902171295,
    1.5513177986668871,
    1.560501985160956,
    1.5697704319222279,
    1.577444595882448,
    1.5838155843430095,
    1.5906165585683276,
    1.5961732870132668,
    1.6004834942437953,
    1.600005351933386,
    1.598021915635611,
    1.5932491496631018,
    1.5882331706017427,
    1.5826722663355326,
    1.57763675480723,
    1.5715765713083858,
    1.5665805963935648,
    1.5633429087624457,
    1.56082481857131,
    1.5596402323074612,
    1.557358157978454,
    1.5545409196783924,
    1.5519790068008232,
    1.5516598350340547,
    1.5519795178483802,
    1.5526597476065862,
    1.5537551754110388,
    1.5553217526501266,
    1.5572963916438352,
    1.5599909776959031,
    1.5606926037425455,
    1.560450454190944,
    1.560537633418739,
    1.5605349631221666,
    1.560464966446529,
    1.5611592929204596,
    1.5622214134632078,
    1.5624481465232565,
    1.565615618405714,
    1.5691750075900401,
    1.573211058675974,
    1.5774880110768974,
    1.5819537404397823,
    1.584789713534221,
    1.5869581265916972,
    1.5892164730489717
  ],
  "altitude_series": [
    0.005848622696900889,
    0.005846052734227113,
    0.0058431552110294925,
    0.005839947660797787,
    0.005836886514534817,
    0.005834460391098981,
    0.005832895105103142,
    0.005831229943594153,
    0.005829401606223906,
    0.005827421984632731,
    0.005826508056978137,
    0.00582750579102083,
    0.0058285330481522065,
    0.005830633056228508,
    0.005833546650621244,
    0.005836456505783061,
    0.0058593652584322765,
    0.0058624227833625345,
    0.005866215887177812,
    0.005870299921127308,
    0.005852614163175165,
    0.005856414420422169,
    0.005860040424912538,
    0.005863482910581525,
    0.005866734664180545,
    0.005869790399357439,
    0.005872646602624447,
    0.005875301355339247,
    0.005877754136219724,
    0.005880005609210115,
    0.005882057401718398,
    0.0058839118783382376,
    0.005886516639421301,
    0.00588930714739593,
    0.005913585817932015,
    0.005916046299819615,
    0.005918328628137583,
    0.005920423803987132,
    0.005922322668056822,
    0.005924015938722909,
    0.005925494269317145,
    0.005927309541894462,
    0.005929877897815524,
    0.005932220781650446,
    0.005934316820896647,
    0.0059361453235538516,
    0.005937976856691241,
    0.005939774060201737,
    0.005921151699225687,
    0.005922147047717684,
    0.005922726398489984,
    0.005922883174882554,
    0.005922613525973091,
    0.005922221053305315,
    0.005922184772969202,
    0.00592179952654981,
    0.0059210703853033765,
    0.005907994369001226,
    0.0059065995587430364,
    0.0059050695368012855,
    0.0058749208869661815,
    0.005873636186750543,
    0.005871953037280931,
    0.005869936405772844,
    0.005867882296263936,
    0.005865408925742816,
    0.005862531935888085,
    0.005859269314543425,
    0.005855641222269162,
    0.005851669803113116,
    0.0058473789821948795,
    0.0058429358935135735,
    0.005839286057267367,
    0.005848564391921754,
    0.005845654812730558,
    0.005842586379982163,
    0.005839459717749586,
    0.005836186638550638,
    0.005834691966394333,
    0.005833638512726899,
    0.00583243326300365,
    0.005831158663486904,
    0.005829803022988141,
    0.005828323931857271,
    0.005826748320360381,
    0.005825767192023224,
    0.005825533654691766,
    0.0058251303832760285,
    0.005824385232030314,
    0.00585255946816507,
    0.005851117968652544
  ],
  "anomaly_series": [
    1.014592170715332,
    1.0142796039581299,
    1.0139703750610352,
    1.0137684345245361,
    1.0136046409606934,
    1.013443112373352,
    1.0132379531860352,
    1.013081669807434,
    1.0129868984222412,
    1.0129286050796509,
    1.0128984451293945,
    1.0127946138381958,
    1.0127077102661133,
    1.012618064880371,
    1.0124821662902832,
    1.012303113937378,
    31.086227416992188,
    31.087743759155273,
    31.088672637939453,
    31.089025497436523,
    44.37546920776367,
    44.373043060302734,
    44.37009811401367,
    44.3666877746582,
    44.362892150878906,
    44.358795166015625,
    44.35435104370117,
    44.34975051879883,
    44.34502410888672,
    44.340301513671875,
    44.33561706542969,
    44.33103942871094,
    44.326663970947266,
    44.32252502441406,
    31.040651321411133,
    31.03558349609375,
    31.030532836914062,
    31.025596618652344,
    31.02088165283203,
    31.016380310058594,
    31.01215362548828,
    31.008155822753906,
    31.00445556640625,
    31.0011043548584,
    30.99808120727539,
    30.995372772216797,
    30.992998123168945,
    30.9909610748291,
    1.0210506916046143,
    1.02166748046875,
    1.0222419500350952,
    1.0227957963943481,
    1.023350715637207,
    1.0238529443740845,
    1.0242931842803955,
    1.024670124053955,
    1.0249927043914795,
    6.355723857879639,
    6.358770847320557,
    6.361330986022949,
    46.47321319580078,
    46.476287841796875,
    46.478973388671875,
    46.48125076293945,
    46.48310852050781,
    46.484619140625,
    46.48570251464844,
    46.48651885986328,
    46.48709487915039,
    46.487403869628906,
    46.48752975463867,
    46.487525939941406,
    46.48737716674805,
    41.1609001159668,
    41.1638069152832,
    41.166778564453125,
    41.16975402832031,
    41.172733306884766,
    41.1756477355957,
    41.17844772338867,
    41.18101119995117,
    41.183345794677734,
    41.185340881347656,
    41.18697738647461,
    41.18819808959961,
    41.18901062011719,
    41.18940734863281,
    41.189300537109375,
    41.188697814941406,
    1.0201845169067383,
    1.0200397968292236
  ],