{
  "episode_reward": -24.295462887734175,
  "spacing_error_mean": 0.15252083610041672,
  "spacing_error_final": 0.43012656221941403,
  "straightness_mean": 0.7892600522620428,
  "straightness_final": 0.4113704942867652,
  "spacing_series": [
    0.013721933375939101,
    0.0139494000155815,
    0.014630170824825307,
    0.01547319912545795,
    0.016655727025161795,
    0.01779005381410337,
    0.01928792429371571,
    0.020439343952263975,
    0.021951694324935843,
    0.023700275081451394,
    0.025500306042989647,
    0.027167102722980632,
    0.02863346682327122,
    0.030258747368778417,
    0.032074854688583294,
    0.034828858989832324,
    0.037445825807412014,
    0.04025824475157067,
    0.04304580792857973,
    0.045496713804765575,
    0.048372368963241014,
    0.05167344636939154,
    0.05448775795259101,
    0.057396762969762094,
    0.060537720202531106,
    0.06347228394036894,
    0.06697523450282016,
    0.06986513142765872,
    0.0727738360123543,
    0.07577251770903572,
    0.07879294894794858,
    0.08270362152111245,
    0.08567908273520876,
    0.08814782345557232,
    0.09063674616570745,
    0.09307697949393107,
    0.09567021817312094,
    0.09847497145534438,
    0.10091759146998604,
    0.1035941979550178,
    0.10595450444928821,
    0.1084763493430108,
    0.11082678423471863,
    0.1133977487143398,
    0.11603837734713492,
    0.11854971189014821,
    0.12090108690500959,
    0.12368775558236925,
    0.12647205248796212,
    0.12884602636365275,
    0.13154754924033624,
    0.13487672558437447,
    0.1407154654687244,
    0.14489669635083402,
    0.14948649125697389,
    0.1548195265297921,
    0.16060603298471005,
    0.16607888797863266,
    0.1718795532643731,
    0.1776443777718401,
    0.18274601619172012,
    0.1885328189229133,
    0.19390784325419755,
    0.19952715245207742,
    0.20619955756886915,
    0.21252114505502892,
    0.2195746702843023,
    0.2261626534595354,
    0.23280172771045785,
    0.2401322190511745,
    0.24774464033451948,
    0.255663203779285,
    0.2632520583415637,
    0.2713156070816748,
    0.2800969748209557,
    0.2891287234410604,
    0.29575274080597325,
    0.30335590589929795,
    0.3117739207082534,
    0.3212263790392353,
    0.3305464253565269,
    0.33956325757211614,
    0.34920228350897925,
    0.3590103826177766,
    0.3685867670196069,
    0.37804900030003824,
    0.3890623526381371,
    0.39848491717631107,
    0.4089991947190732,
    0.41931638787471665,
    0.43012656221941403
  ],
  "straightness_series": [
    0.9833109668053099,
    0.982684311970214,
    0.9808266543270183,
    0.9790711559018511,
    0.9759765712497155,
    0.9742148318933315,
    0.971433286057066,
    0.970104269616624,
    0.9680169105884417,
    0.9656390184721644,
    0.9630381225745442,
    0.9609834158022542,
    0.9594543177900171,
    0.9578059956786128,
    0.955376262057831,
    0.9515831438802038,
    0.948102885931381,
    0.9442910641815745,
    0.9400248706747867,
    0.9364017098644661,
    0.932495546173822,
    0.9276771399323801,
    0.9236890539229359,
    0.91991148437222,
    0.9160251792280258,
    0.9120149110735053,
    0.907283303070068,
    0.9033699575031108,
    0.8996175902898106,
    0.895830279699538,
    0.8917077526629238,
    0.886055694535743,
    0.882174668971593,
    0.8789158090497813,
    0.8759358715506493,
    0.8729775581584782,
    0.8694920457578892,
    0.8653561854561518,
    0.8615560115248494,
    0.8574528409829606,
    0.853822935974735,
    0.8508222374498102,
    0.8478047023118417,
    0.844500266536893,
    0.8409243875524731,
    0.837815495722901,
    0.835045371880588,
    0.8316707752752579,
    0.8282924520959944,
    0.8252476014186163,
    0.8216057451653986,
    0.8172115549267037,
    0.810012392478219,
    0.8035017657984251,
    0.7967840298317372,
    0.7904283968589046,
    0.7829141091229816,
    0.7753205843771681,
    0.7661869221654096,
    0.7578037094585379,
    0.7495386608900154,
    0.7413644328993169,
    0.7334064701504339,
    0.7247401129445499,
    0.7148437121715465,
    0.7050722654593133,
    0.6949885463761187,
    0.6844133735111657,
    0.6736786711927633,
    0.663421112636416,
    0.6530013341909188,
    0.6411557280384266,
    0.6296467090959907,
    0.6179414218922232,
    0.6055927947050588,
    0.593583282153183,
    0.5846793317580548,
    0.5746177507240804,
    0.5638373731189422,
    0.5529422854330858,
    0.5410122818601427,
    0.529113114561869,
    0.516354333773331,
    0.5037205397698548,
    0.49144720941022846,
    0.47849303300402635,
    0.465165296276151,
    0.4525464263325364,
    0.43939162430374323,
    0.42599094728919495,
    0.4113704942867652
  ]
}