{
  "num_satellites": 100,
  "episode_reward": -142.56533684941036,
  "phase_mean": 1.5568857107157428,
  "altitude_mean": 0.005895860637153171,
  "anomaly_mean": 65.4234665946646,
  "collision_penalty_mean": 0.0,
  "coverage_penalty_mean": 1.0,
  "fault_fraction_mean": 0.01769230739919694,
  "anomaly_event_fraction_mean": 0.13912088071906958,
  "min_separation_km_min": 56.443076108985956,
  "phase_series": [
    1.4292351644128416,
    1.451324431691876,
    1.471998170027893,
    1.4904648316477338,
    1.5075745717803861,
    1.5250077857145405,
    1.5454565323266207,
    1.5658659079587962,
    1.5841546545569571,
    1.6042123845508929,
    1.6242404392554755,
    1.6419919520759678,
    1.6584338257500235,
    1.676356108984202,
    1.689807002745693,
    1.7024817497960247,
    1.7159289693021578,
    1.72624647244672,
    1.732722263960911,
    1.7407318974259263,
    1.751682955531758,
    1.7635716232338725,
    1.77526991827919,
    1.7877041770383884,
    1.799158368470174,
    1.8071797957523128,
    1.8121185280979852,
    1.8152615303035111,
    1.8145888186079724,
    1.8116726423702576,
    1.806817225117609,
    1.8003403132845008,
    1.7931334644109649,
    1.7847930436390402,
    1.7738609450569152,
    1.7612410535280667,
    1.750558747786529,
    1.7399400901105373,
    1.7229587395627692,
    1.7053966672419434,
    1.6884869147083847,
    1.6702080552117469,
    1.6493464165503244,
    1.6288558578620975,
    1.6092937022041633,
    1.5931914984787314,
    1.5734648101774966,
    1.552301713034027,
    1.5311063276995123,
    1.5118831472012564,
    1.4915001366987424,
    1.4708764546373903,
    1.4513774641965236,
    1.4343455133816214,
    1.4176713010467636,
    1.4027623699254337,
    1.3899192015108135,
    1.3763157631290128,
    1.3635246633996472,
    1.3537972203733963,
    1.3444623576744217,
    1.337993906831777,
    1.3326732571536335,
    1.3302408518861777,
    1.330231849049428,
    1.3312538031552306,
    1.3334661274824366,
    1.3340555559932077,
    1.3315196914946548,
    1.3289254798305319,
    1.328262854250184,
    1.3281370358416502,
    1.3298299139962275,
    1.336358877407784,
    1.3423823287984018,
    1.3500691057891094,
    1.3609887914963759,
    1.3762987510549851,
    1.3912464469364687,
    1.4087406822460833,
    1.4287560318058365,
    1.448984692639722,
    1.4696053157387283,
    1.490391799655447,
    1.5166964733796713,
    1.543846845814203,
    1.567291691478112,
    1.5915294576120542,
    1.6156642896618427,
    1.6380573133454006,
    1.6569258003697775
  ],
  "altitude_series": [
    0.005848589858768447,
    0.005846232563674951,
    0.0058435795784014255,
    0.005840660047744876,
    0.005837506767832262,
    0.00583435809913003,
    0.0058318200973612785,
    0.005829280874465739,
    0.005826772409373349,
    0.00582432655295306,
    0.005821974516284268,
    0.005819746369944581,
    0.005817670562875034,
    0.005815773469037903,
    0.005814078969597496,
    0.0058126417362414,
    0.005811749477322817,
    0.0058111388538805145,
    0.005810823632397362,
    0.005811268749287312,
    0.005812054849089877,
    0.005813171091055691,
    0.005814615229704529,
    0.0058163816683631684,
    0.0058184614800585125,
    0.005820842477520166,
    0.0058507944015089965,
    0.005853728805363826,
    0.005856909684301742,
    0.005860313444794569,
    0.005863914261052407,
    0.005867684393522555,
    0.005871594534222218,
    0.005875614173166943,
    0.005879711979778525,
    0.005883856192890307,
    0.005888015012821955,
    0.005892156988981836,
    0.0058962513965610565,
    0.005900268596123485,
    0.005904180370252829,
    0.005907960231895242,
    0.005911583699614354,
    0.005915028535649866,
    0.005946863935792451,
    0.00594989471431555,
    0.0059526953678074625,
    0.005955254169716204,
    0.0059575621812094515,
    0.0059596132250737555,
    0.00596140381678913,
    0.005962933055324645,
    0.0059642024769093445,
    0.005965215875660803,
    0.0059659790954837266,
    0.005966499798082185,
    0.005962564824513155,
    0.005962629482051085,
    0.005962482945823886,
    0.005937947029255981,
    0.0059386700907904065,
    0.005963780357118789,
    0.0059639735459384,
    0.0059639201781535355,
    0.005963633108548544,
    0.005963125287445842,
    0.00593382050485369,
    0.005932909119233051,
    0.005931813889225638,
    0.005930545759008636,
    0.005929114714407323,
    0.005951821418131952,
    0.005950601248511111,
    0.00593179614795351,
    0.005930018838557702,
    0.005956196378628046,
    0.005979267220984138,
    0.0059766679255494485,
    0.005973799850466203,
    0.005922945881233821,
    0.005919571786594662,
    0.005916688404501419,
    0.005913680037785741,
    0.005910546070438474,
    0.005907286193178613,
    0.005903971367904407,
    0.005901220357961678,
    0.005898839268198422,
    0.005896126591032363,
    0.005893084265869083,
    0.0058550534940563625
  ],
  "anomaly_series": [
    0.9623033404350281,
    0.9610663056373596,
    0.9598745703697205,
    0.9587110280990601,
    0.9574978351593018,
    0.9562869071960449,
    0.9552277326583862,
    0.9543259143829346,
    0.9536008238792419,
    0.9531136155128479,
    0.952873170375824,
    0.9529756903648376,
    0.9532869458198547,
    0.9536861181259155,
    0.9542690515518188,
    0.9549224972724915,
    0.9555663466453552,
    0.9562574625015259,
    0.9569684863090515,
    0.9574753046035767,
    0.9577615261077881,
    0.9577163457870483,
    0.9573964476585388,
    0.9569122195243835,
    0.9563920497894287,
    0.9557207226753235,
    45.37968444824219,
    45.382320404052734,
    45.38542938232422,
    45.388916015625,
    45.392669677734375,
    45.396602630615234,
    45.400917053222656,
    45.405677795410156,
    45.4107666015625,
    45.41603469848633,
    45.42142105102539,
    45.426849365234375,
    45.43209457397461,
    45.437400817871094,
    45.44285583496094,
    45.44828796386719,
    45.45351028442383,
    45.45857238769531,
    83.24629974365234,
    83.24554443359375,
    83.24494171142578,
    83.24462890625,
    83.24453735351562,
    83.24456024169922,
    83.24459075927734,
    83.24469757080078,
    83.24480438232422,
    83.24468994140625,
    83.24434661865234,
    83.24371337890625,
    79.00236511230469,
    79.00243377685547,
    79.00306701660156,
    129.38230895996094,
    129.37997436523438,
    140.8549346923828,
    140.84983825683594,
    140.84506225585938,
    140.8404541015625,
    140.8362579345703,
    103.09358215332031,
    103.09001159667969,
    103.08674621582031,
    103.08381652832031,
    103.081298828125,
    136.54214477539062,
    136.54563903808594,
    142.857421875,
    142.86166381835938,
    207.40208435058594,
    157.0334014892578,
    157.03787231445312,
    157.04217529296875,
    105.31674194335938,
    105.32040405273438,
    105.3232650756836,
    105.32512664794922,
    105.3260726928711,
    105.32612609863281,
    105.32514953613281,
    105.32345581054688,
    105.32091522216797,
    105.31755065917969,
    105.31332397460938,
    0.963219165802002
  ],
  "collision_series": [
    0.0,
    0.0,
    0.0,
    0.0,
    0.0,
    0.0,
    0.0,
    0.0,
    0.0,
    0.0,
    0.0,
    0.0,
    0.0,
    0.0,
    0.0,
    0.0,
    0.0,
    0.0,
    0.0,
    0.0,
    0.0,
    0.0,
    0.0,
    0.0,
    0.0,
    0.0,
    0.0,
    0.0,
    0.0,
    0.0,
    0.0,
    0.0,
    0.0,
    0.0,
    0.0,
    0.0,
    0.0,
    0.0,
    0.0,
    0.0,
    0.0,
    0.0,
    0.0,
    0.0,
    0.0,
    0.0,
    0.0,
    0.0,
    0.0,
    0.0,
    0.0,
    0.0,
    0.0,
    0.0,
    0.0,
    0.0,
    0.0,
    0.0,
    0.0,
    0.0,
    0.0,
    0.0,
    0.0,
    0.0,
    0.0,
    0.0,
    0.0,
    0.0,
    0.0,
    0.0,
    0.0,
    0.0,
    0.0,
    0.0,
    0.0,
    0.0,
    0.0,
    0.0,
    0.0,
    0.0,
    0.0,
    0.0,
    0.0,
    0.0,
    0.0,
    0.0,
    0.0,
    0.0,
    0.0,
    0.0,
    0.0
  ],