{
  "episode_reward": -192.59731945370072,
  "phase_mean": 1.5635377522656582,
  "altitude_mean": 0.006315604066556927,
  "anomaly_mean": 0.9569060704210303,
  "phase_series": [
    1.7008035657797598,
    1.7072617205703116,
    1.7138513632094365,
    1.717010817741305,
    1.7206382854832314,
    1.7212022290177351,
    1.719949275370973,
    1.7181816107564802,
    1.7164397200421402,
    1.7142935874758414,
    1.712240285285279,
    1.7089998223399996,
    1.7075642132258735,
    1.7080012864462908,
    1.7096072342567015,
    1.7091824163242353,
    1.7071414665286975,
    1.7044770945765568,
    1.7045240843558402,
    1.7039528415247736,
    1.7019085866538664,
    1.699044640389373,
    1.69288532988148,
    1.6851187286174814,
    1.676300971102944,
    1.667177832626187,
    1.658196058725344,
    1.6528180548987386,
    1.641595984343883,
    1.630765915317591,
    1.6200047865867473,
    1.606109669712281,
    1.5898010091870676,
    1.5737354294413821,
    1.56023687316427,
    1.5453089217547347,
    1.5295777735024805,
    1.5140195490017385,
    1.5018003993985385,
    1.4920184521272495,
    1.4833866174571642,
    1.478514423505116,
    1.472033107947634,
    1.4642818530841362,
    1.4564601549776004,
    1.4480603164886263,
    1.440062795662468,
    1.4325082199288843,
    1.428226780967505,
    1.4245517046168115,
    1.4214333092912366,
    1.4195187265262055,
    1.4176314999821604,
    1.416690233829579,
    1.4161709960043276,
    1.4166092415669223,
    1.4169808040597087,
    1.4189388693396472,
    1.4218140594827775,
    1.4212448455342355,
    1.4182546399088585,
    1.4173641876783256,
    1.418260811577359,
    1.4197727486950842,
    1.4220901037423987,
    1.424948175361414,
    1.426904150820012,
    1.428829999572507,
    1.4323783794771918,
    1.442433683434618,
    1.4522358386075265,
    1.4610277120277562,
    1.4682672565877217,
    1.475980755228667,
    1.482216323051545,
    1.4921601044500383,
    1.5008132653244561,
    1.5122124512432469,
    1.529820170253088,
    1.5485672920736662,
    1.5642358711496436,
    1.5800721753409641,
    1.5959247577895992,
    1.6108844240961795,
    1.6266506171203623,
    1.6398131794745519,
    1.64796067368704,
    1.6558211603800768,
    1.6607901544816628,
    1.668977427788279,
    1.677400518753441
  ],
  "altitude_series": [
    0.006253155037097368,
    0.006251422344607955,
    0.006249700056360858,
    0.006247972988813582,
    0.006246229224959407,
    0.006244460527735874,
    0.006242662672200755,
    0.0062408356894244595,
    0.0062389840167368414,
    0.006237116550757951,
    0.00623524660150856,
    0.006233391747798789,
    0.006231573595995545,
    0.0062298174461398815,
    0.006228151871178165,
    0.006226608216767675,
    0.006225220030668209,
    0.006224022432122092,
    0.006223051432819174,
    0.0062231112165335055,
    0.006223571350640587,
    0.006224323628055405,
    0.006225397587221966,
    0.006226820924459163,
    0.006228618781366175,
    0.006230813061950569,
    0.006233421792970209,
    0.006236458540253608,
    0.006239931892794675,
    0.006243845025232947,
    0.006248195347943849,
    0.006253608672904606,
    0.006260171597239108,
    0.006267184968749367,
    0.006274618214379737,
    0.006282433864737964,
    0.006290587802419392,
    0.006299029630071489,
    0.006307703153479972,
    0.006316546972874143,
    0.006325495173674041,
    0.006334478106081082,
    0.006343423241272346,
    0.006352256090530991,
    0.006360901172454284,
    0.006369283012447262,
    0.006377327158055509,
    0.006384961193320395,
    0.006392115735266922,
    0.00639872539585637,
    0.006404943613806723,
    0.00641119996476035,
    0.006416872074530391,
    0.006421910358750481,
    0.006426166162032506,
    0.006429607685188873,
    0.006432211002895538,
    0.006433960340875372,
    0.006434848236595812,
    0.006434875580863576,
    0.006434051539708952,
    0.006432393357977598,
    0.006429926048058437,
    0.0064266819691308095,
    0.006422700304185332,
    0.006418026443816306,
    0.006412711287381106,
    0.006407136868863306,
    0.006401597626930876,
    0.00639549177949424,
    0.006388886020340897,
    0.006381848787125737,
    0.006374449240258636,
    0.006366756258929419,
    0.006359401682044332,
    0.006352581510884813,
    0.0063456603417326625,
    0.006338685701935579,
    0.006331700569534438,
    0.0063247429520369765,
    0.006317845578992875,
    0.006311765651930146,
    0.00630632943901795,
    0.006301370979096554,
    0.0062979266505038,
    0.006294356383392682,
    0.006290644244967359,
    0.006286773460585875,
    0.006282727087039208,
    0.006278488704085027,
    0.006274733777468031
  ],
  "anomaly_series": [
    0.9513546228408813,
    0.9507144093513489,
    0.9501664638519287,
    0.9496601819992065,
    0.9492200613021851,
    0.9488863945007324,
    0.9486361145973206,
    0.94844651222229,
    0.9483230113983154,
    0.9482793211936951,
    0.9482702016830444,
    0.9483932256698608,
    0.9486410617828369,
    0.9489842057228088,
    0.949472188949585,
    0.9500141143798828,
    0.9506255984306335,
    0.9510928988456726,
    0.9515629410743713,
    0.952053427696228,
    0.952483057975769,
    0.9529362320899963,
    0.9533901810646057,
    0.9538413882255554,
    0.9542773962020874,
    0.9546855092048645,
    0.9550966620445251,
    0.9555076360702515,
    0.955891489982605,
    0.9562368988990784,
    0.9565612077713013,
    0.956834077835083,
    0.9570249915122986,
    0.9571415781974792,
    0.9572535753250122,
    0.9573552012443542,
    0.9573934674263,
    0.9573729038238525,
    0.9573813080787659,
    0.9573748707771301,
    0.9573118686676025,
    0.957202136516571,
    0.957062840461731,
    0.9569092392921448,
    0.9567813277244568,
    0.9566742777824402,
    0.9565936923027039,
    0.9565936326980591,
    0.9566641449928284,
    0.956736147403717,
    0.9568219780921936,
    0.9569464921951294,
    0.9570855498313904,
    0.9573053121566772,
    0.9575546979904175,
    0.9578282833099365,
    0.958177387714386,
    0.9586066603660583,
    0.9591323733329773,
    0.9596930742263794,
    0.9602524042129517,
    0.9607304334640503,
    0.9611364603042603,
    0.9614720940589905,
    0.9617282152175903,
    0.9619492292404175,
    0.9621530175209045,
    0.9623169898986816,
    0.9624588489532471,
    0.9625842571258545,
    0.9627353549003601,
    0.9629214406013489,
    0.9631153345108032,
    0.9633137583732605,
    0.9634631276130676,
    0.9635046124458313,
    0.9634769558906555,
    0.9634416103363037,
    0.9633712768554688,
    0.9632925391197205,
    0.9632097482681274,
    0.9630113244056702,
    0.9627060890197754,
    0.9623376727104187,
    0.9619249105453491,
    0.9614543914794922,
    0.9609361290931702,
    0.9603606462478638,
    0.9596666693687439,
    0.9588718414306641,
    0.9580373167991638
  ]
}