{
  "num_satellites": 100,
  "episode_reward": -2078.9103349227826,
  "phase_mean": 1.5049871672801087,
  "altitude_mean": 0.005895290746113202,
  "anomaly_mean": 69.82778866081448,
  "collision_penalty_mean": 0.0,
  "coverage_penalty_mean": 1.0586550710411018,
  "fault_fraction_mean": 0.01769230739919694,
  "anomaly_event_fraction_mean": 0.18252747202967548,
  "min_separation_km_min": 51.93334225652565,
  "phase_series": [
    1.5578711053942487,
    1.543926793427349,
    1.5306934779076595,
    1.5202491354835082,
    1.5103716981394744,
    1.5015567120973743,
    1.4947514851206558,
    1.4860614888427668,
    1.4762086751227326,
    1.465549534147576,
    1.4538364331292981,
    1.4449525725920993,
    1.4391897888414578,
    1.433134214761984,
    1.4277655117121606,
    1.4235837739521982,
    1.4183724375095323,
    1.4107349793382105,
    1.4054544747450322,
    1.4010330272836127,
    1.3974260239249614,
    1.3949571555774845,
    1.3899152132724766,
    1.383606035070499,
    1.3763718989135425,
    1.3689323071935218,
    1.3636943798234027,
    1.360334609328143,
    1.3579307947129429,
    1.3581208999317953,
    1.3595462427591267,
    1.358511305968149,
    1.356884281370036,
    1.358890733234223,
    1.3626552318508696,
    1.3656320595001652,
    1.3654746106129818,
    1.3640847496791695,
    1.3659827096133466,
    1.372527740302638,
    1.3787168000126078,
    1.385045986922804,
    1.3927059084904956,
    1.4009544339308355,
    1.4079728414167993,
    1.4145069822810676,
    1.4227908561814495,
    1.4335318281970053,
    1.4432055397461994,
    1.4515157784230823,
    1.4606508797897797,
    1.4672348429187454,
    1.4728713700040643,
    1.4809341354338235,
    1.4890706712731459,
    1.496399537625084,
    1.5058565230454783,
    1.5149666682590004,
    1.5225689455212343,
    1.5298172631189655,
    1.5356696277218518,
    1.5426546372343624,
    1.551328306954321,
    1.5612148058231694,
    1.5702778387912488,
    1.5805554560293213,
    1.5908915914304307,
    1.600388802985294,
    1.6099735086232942,
    1.618482973717228,
    1.6290845887512446,
    1.6379662395243548,
    1.6458892162120684,
    1.6550305099297322,
    1.663717839246122,
    1.6704719433624085,
    1.6761337549456896,
    1.6816753099719304,
    1.688156021592842,
    1.6908781435160416,
    1.6919687155312044,
    1.6949638963445428,
    1.6993696833488452,
    1.7043057177442347,
    1.707584030041157,
    1.7085732344138982,
    1.7094528695449673,
    1.7095065080544096,
    1.7095952220164454,
    1.7097479704388021,
    1.710229163868356
  ],
  "altitude_series": [
    0.0058509746475095235,
    0.0058522746962522965,
    0.005853191462115558,
    0.005853712707787665,
    0.005853832457648102,
    0.005853551097082127,
    0.005854012914494235,
    0.005854609569668863,
    0.005854893471264184,
    0.005855189512065798,
    0.0058565273144950995,
    0.0058576140703826855,
    0.005858465757627146,
    0.005859100587506225,
    0.00585953851135283,
    0.005859800704691243,
    0.005859909039100191,
    0.0058605551260264245,
    0.005861989966580946,
    0.005863325294214541,
    0.005864568703472488,
    0.005865725748975993,
    0.005867610819187638,
    0.005869587700538058,
    0.005871359537373181,
    0.0058729139594281025,
    0.005901539124182637,
    0.005903211673757536,
    0.005906429942578497,
    0.005909392697819882,
    0.005912071539756265,
    0.0059144379378515384,
    0.005917234835409785,
    0.005919765032797115,
    0.0059219415336981985,
    0.005923740034254108,
    0.0059251376745254915,
    0.005926113416166632,
    0.005926687849595245,
    0.005927933737914539,
    0.005928799942812967,
    0.005929264922792643,
    0.00592931014954898,
    0.005928920504097118,
    0.005956691325123205,
    0.005955401935876043,
    0.005954299225792856,
    0.005953697333961818,
    0.005952618752771052,
    0.0059510650144787855,
    0.005949043224270907,
    0.005946566038686091,
    0.005944046578400471,
    0.005942287277474877,
    0.00594138832666787,
    0.005941332521655642,
    0.005936548273779111,
    0.005935513968831135,
    0.00593403874435801,
    0.005906747664532912,
    0.005904512502345849,
    0.005926639374632742,
    0.005923831165622925,
    0.005920812335338505,
    0.005917634735863513,
    0.005914349986773572,
    0.005882401862970827,
    0.005879052189980946,
    0.005875739845910959,
    0.005872506774212456,
    0.0058693906041614105,
    0.00589017758892017,
    0.005887387991719022,
    0.0058674805631529926,
    0.005865103472993559,
    0.0058915166272276095,
    0.005916206171012457,
    0.005915641273811783,
    0.005915220998129345,
    0.005867175559042832,
    0.005866982041452354,
    0.005866863316701078,
    0.00586678977028667,
    0.0058667297162463975,
    0.005868263821027791,
    0.005871045115340563,
    0.005873657671236948,
    0.00587679275717941,
    0.005879926008035517,
    0.00588282115581658,
    0.005850750766093364
  ],
  "anomaly_series": [
    0.972404420375824,
    0.9718660712242126,
    0.9714928269386292,
    0.971366286277771,
    0.9714443683624268,
    0.971588671207428,
    0.9718501567840576,
    0.9722639322280884,
    0.9728420972824097,
    0.9736064672470093,
    0.9746482968330383,
    0.9759535193443298,
    0.9773681163787842,
    0.9790575504302979,
    0.9809141755104065,
    0.9829806685447693,
    0.9851877093315125,
    0.9875472187995911,
    0.9899912476539612,
    0.9926313161849976,
    0.9953611493110657,
    0.9981043338775635,
    1.0009596347808838,
    1.0036183595657349,
    1.0061182975769043,
    1.0085844993591309,
    48.54265594482422,
    48.53738784790039,
    48.5318603515625,
    48.526248931884766,
    48.520469665527344,
    48.51468276977539,
    48.5089225769043,
    48.5030403137207,
    48.497161865234375,
    48.49140930175781,
    48.485816955566406,
    48.48055648803711,
    48.475364685058594,
    48.470523834228516,
    48.46597671508789,
    48.46173858642578,
    48.45785140991211,
    48.454376220703125,
    88.71471405029297,
    88.71308898925781,
    88.7121353149414,
    88.71179962158203,
    88.712158203125,
    88.71314239501953,
    88.71470642089844,
    88.71686553955078,
    88.71952819824219,
    88.72276306152344,
    88.72650146484375,
    88.73078918457031,
    84.4643325805664,
    84.47380828857422,
    84.4832534790039,
    138.34764099121094,
    138.3555145263672,
    150.5608367919922,
    150.5689239501953,
    150.576904296875,
    150.58482360839844,
    150.5926055908203,
    110.23320007324219,
    110.23307800292969,
    110.23253631591797,
    110.23158264160156,
    110.23007202148438,
    145.87786865234375,
    145.87045288085938,
    152.5685577392578,
    152.560302734375,
    221.46011352539062,
    167.59207153320312,
    167.58285522460938,
    167.5744171142578,
    112.26548767089844,
    112.26387786865234,
    112.26310729980469,
    112.26304626464844,
    112.2638168334961,
    112.26541137695312,
    112.26775360107422,
    112.27082061767578,
    112.27459716796875,
    112.2790756225586,
    112.28404998779297,
    1.0179829597473145
  ],