{
  "num_satellites": 100,
  "episode_reward": -3886.124703340225,
  "phase_mean": 1.5853819547984427,
  "altitude_mean": 0.006057400101121285,
  "anomaly_mean": 67.92192237914263,
  "collision_penalty_mean": 0.0,
  "coverage_penalty_mean": 1.0,
  "fault_fraction_mean": 0.01769230739919694,
  "anomaly_event_fraction_mean": 0.11472527363470622,
  "min_separation_km_min": 25.84275851981789,
  "phase_series": [
    1.5828015392722106,
    1.561982955582699,
    1.542756787537506,
    1.5237628206929485,
    1.5059946757186524,
    1.4876870849197958,
    1.469037222946356,
    1.4506966791997267,
    1.436551614606322,
    1.4287823133568696,
    1.4199176695887363,
    1.4109393452023147,
    1.4028385471764404,
    1.3982958659331806,
    1.392472129318221,
    1.3892019482583737,
    1.3861878606103664,
    1.3846129902623372,
    1.384109778572782,
    1.3843306184163346,
    1.3880036843494823,
    1.3935169795067444,
    1.398407001180457,
    1.409602107677945,
    1.4204549536590363,
    1.4353493511965485,
    1.4494342552362067,
    1.461814418651388,
    1.4752845627011997,
    1.4891523491764045,
    1.5026935594066904,
    1.5149705600933812,
    1.5267425755012338,
    1.5388412434244136,
    1.5526469031390602,
    1.5640222101497334,
    1.5749491153264725,
    1.5874732925240804,
    1.6019624439481148,
    1.6174901125640153,
    1.6290324448458833,
    1.6396454241324003,
    1.6514111333402783,
    1.6608181257477168,
    1.6732000394037703,
    1.6857213625167327,
    1.697691668337351,
    1.7119968518895792,
    1.7291928607706704,
    1.7429970826540293,
    1.756248402008341,
    1.7701364551658103,
    1.7818191604123725,
    1.793432787064219,
    1.8017658883020868,
    1.8086703697221593,
    1.8136645534434082,
    1.820733380306112,
    1.826264752473466,
    1.828093881239011,
    1.8302206031735069,
    1.831071238029271,
    1.828101437359556,
    1.8225076671286755,
    1.8122537239244119,
    1.7987541020978435,
    1.7840368454942495,
    1.7680356277152085,
    1.7490273508315641,
    1.7269190009534454,
    1.7047812555997823,
    1.680812193485723,
    1.655584574274938,
    1.6384744591949003,
    1.6236129522245872,
    1.6094244524033254,
    1.5948497442080904,
    1.5813979675079046,
    1.5679989462218722,
    1.5554895573352172,
    1.545184958075676,
    1.533356568484384,
    1.5223116609681975,
    1.5119170221899565,
    1.5029691690674718,
    1.4934097989904669,
    1.4833802174042066,
    1.4720461192504553,
    1.4627644085637512,
    1.4571417601702408,
    1.4536137539692426
  ],
  "altitude_series": [
    0.006064902774289441,
    0.006069533738995403,
    0.006074111996673228,
    0.006078600220655358,
    0.00608307066209736,
    0.006087549209563351,
    0.006091855798836321,
    0.006095941064054517,
    0.00609975597987923,
    0.006103252633636253,
    0.00610638499072127,
    0.006109109639663974,
    0.006111386503651775,
    0.006113179505960662,
    0.006114457177618216,
    0.006115193196707281,
    0.006115366849989523,
    0.00611496340895593,
    0.006113974413969961,
    0.006112397861826641,
    0.006110238293774938,
    0.006107506782808779,
    0.006104220820794248,
    0.006100404107727691,
    0.006096086247092436,
    0.0060913023528580005,
    0.006113369130049057,
    0.006107778107723418,
    0.006101854357589266,
    0.006095649610434037,
    0.006089218105370457,
    0.006082615854270718,
    0.006075899888545117,
    0.0060691275006721015,
    0.006062355492837587,
    0.0060556394447833315,
    0.006049033012504003,
    0.006042587268779756,
    0.0060363500956995995,
    0.006030365638335346,
    0.006024673827590648,
    0.006019309978981055,
    0.006014304472743552,
    0.00600968251922453,
    0.006034044082291495,
    0.006030243539986359,
    0.006026870136108817,
    0.006023927814924713,
    0.006021415489726338,
    0.006019327318595188,
    0.00601765305142456,
    0.006016378440799382,
    0.00601572790104121,
    0.006016265201267615,
    0.0060170361793315,
    0.006018015595824206,
    0.006014956751028664,
    0.006016276265600453,
    0.006017728143413371,
    0.005993898021251559,
    0.005995544467357566,
    0.006021906788791065,
    0.006023665916039835,
    0.006025456281241535,
    0.006027264641677094,
    0.006029080581078439,
    0.006002316526847497,
    0.006004128051877992,
    0.006005933406754493,
    0.006007733689363708,
    0.006009532600225109,
    0.006035067632623489,
    0.006036884090813147,
    0.006021423082876878,
    0.006023296301538066,
    0.006053437927322366,
    0.006080806863430207,
    0.006082857128711859,
    0.0060849916521989265,
    0.006039516206591138,
    0.006042608001978215,
    0.006045960426116413,
    0.00604949083901605,
    0.00605320461023939,
    0.006057104107078373,
    0.00606118833885989,
    0.006065452663671195,
    0.006069888564265597,
    0.006074483498576592,
    0.006079220828822419,
    0.006049639014501567
  ],
  "anomaly_series": [
    0.9191482067108154,
    0.9195129871368408,
    0.9196069836616516,
    0.9193589091300964,
    0.9191887378692627,
    0.9190418124198914,
    0.9189808368682861,
    0.9190077185630798,
    0.9188355803489685,
    0.9187358021736145,
    0.9187753796577454,
    0.9188223481178284,
    0.9188610911369324,
    0.9189480543136597,
    0.9191589951515198,
    0.9194477200508118,
    0.9197148680686951,
    0.9199016094207764,
    0.9201245307922363,
    0.920238196849823,
    0.9202360510826111,
    0.9200971722602844,
    0.9198660254478455,
    0.9196855425834656,
    0.9195024371147156,
    0.9193742275238037,
    47.136871337890625,
    47.13648986816406,
    47.135215759277344,
    47.13307189941406,
    47.12972640991211,
    47.12519454956055,
    47.11943435668945,
    47.11233901977539,
    47.10392761230469,
    47.094661712646484,
    47.084774017333984,
    47.07460021972656,
    47.064186096191406,
    47.054012298583984,
    47.044307708740234,
    47.035240173339844,
    47.02694320678711,
    47.019378662109375,
    86.3255386352539,
    86.31539154052734,
    86.30513000488281,
    86.2950210571289,
    86.28507995605469,
    86.27545928955078,
    86.26642608642578,
    86.25818634033203,
    86.25110626220703,
    86.24536895751953,
    86.2410659790039,
    86.23816680908203,
    82.15990447998047,
    82.14649200439453,
    82.13365173339844,
    134.5800018310547,
    134.5708465576172,
    146.5713348388672,
    146.5630645751953,
    146.55429077148438,
    146.5446319580078,
    146.53427124023438,
    107.29869842529297,
    107.28868865966797,
    107.2780990600586,
    107.2670669555664,
    107.2556381225586,
    141.84304809570312,
    141.83181762695312,
    148.42771911621094,
    148.4175262451172,
    215.5322265625,
    163.0403289794922,
    163.04205322265625,
    163.04547119140625,
    109.2958755493164,
    109.31045532226562,
    109.32599639892578,
    109.34260559082031,
    109.36034393310547,
    109.3787612915039,
    109.39802551269531,
    109.41793060302734,
    109.43848419189453,
    109.45962524414062,
    109.48101806640625,
    0.9224548935890198
  ],
  "collision_series": [
    0.0,
    0.0,
    0.0,
    0.0,
    0.0,
    0.0,
    0.0,
    0.0,
    0.0,
    0.0,
    0.0,
    0.0,
    0.0,
    0.0,
    0.0,
    0.0,
    0.0,
    0.0,
    0.0,
    0.0,
    0.0,
    0.0,
    0.0,
    0.0,
    0.0,
    0.0,
    0.0,
    0.0,
    0.0,
    0.0,
    0.0,
    0.0,
    0.0,
    0.0,
    0.0,
    0.0,
    0.0,
    0.0,
    0.0,
    0.0,
    0.0,
    0.0,
    0.0,
    0.0,
    0.0,
    0.0,
    0.0,
    0.0,
    0.0,
    0.0,
    0.0,
    0.0,
    0.0,
    0.0,
    0.0,
    0.0,
    0.0,
    0.0,
    0.0,
    0.0,
    0.0,
    0.0,
    0.0,
    0.0,
    0.0,
    0.0,
    0.0,
    0.0,
    0.0,
    0.0,
    0.0,
    0.0,
    0.0,
    0.0,
    0.0,
    0.0,
    0.0,
    0.0,
    0.0,
    0.0,
    0.0,
    0.0,
    0.0,
    0.0,
    0.0,
    0.0,
    0.0,
    0.0,
    0.0,
    0.0,
    0.0
  ],