{
  "num_satellites": 100,
  "episode_reward": -3693.973011215335,
  "phase_mean": 1.5643311635288673,
  "altitude_mean": 0.006057572289182644,
  "anomaly_mean": 64.45367338762179,
  "collision_penalty_mean": 0.0,
  "coverage_penalty_mean": 1.0,
  "fault_fraction_mean": 0.01769230739919694,
  "anomaly_event_fraction_mean": 0.14989011079727949,
  "min_separation_km_min": 30.276041369256212,
  "phase_series": [
    1.5952932019262562,
    1.6032936266549027,
    1.6101217460294384,
    1.6172592966706245,
    1.6244585563202956,
    1.625463556154271,
    1.624536359677402,
    1.6245500215824353,
    1.6279103428198924,
    1.6332810539809421,
    1.6344435752468929,
    1.6367571780533203,
    1.640902945604792,
    1.6466880567891513,
    1.6552330294648834,
    1.660737681476536,
    1.6664356673192002,
    1.6691680167864609,
    1.674601288692376,
    1.6810907347794952,
    1.6827399912469112,
    1.685914446736036,
    1.693303356056179,
    1.7011925631046523,
    1.706699908861959,
    1.7103302725821394,
    1.7128654785418878,
    1.7141051813991197,
    1.7153944057482062,
    1.7132637968736584,
    1.7080027536999702,
    1.7042841116320886,
    1.7019765807665521,
    1.6978452100714623,
    1.691802691682877,
    1.6875648602929139,
    1.6849109299992842,
    1.6832233216011305,
    1.6786543446082123,
    1.672300467552087,
    1.6639316467939806,
    1.6549357674668304,
    1.6429871019838111,
    1.6302787779769106,
    1.6171922640709813,
    1.6034481408481414,
    1.585923024150582,
    1.5708608946289062,
    1.5567678810133985,
    1.5464476862155203,
    1.5347087646975366,
    1.520699049752433,
    1.5075733889970389,
    1.494322628062741,
    1.482817646679586,
    1.474449760113111,
    1.4624436201269202,
    1.4522943626661384,
    1.4447828155748852,
    1.4367775278007315,
    1.4309719493767394,
    1.4237687271615524,
    1.4176655841362251,
    1.410767430311457,
    1.4024227089349912,
    1.3944420163389761,
    1.3922112304276706,
    1.3953420850275007,
    1.3966618253578542,
    1.3988229477240468,
    1.4025933978796132,
    1.404521869592221,
    1.4069504500361874,
    1.4111375113366207,
    1.417205075486635,
    1.4240036285128992,
    1.4338155346899146,
    1.442488799644781,
    1.4517311052445134,
    1.4585213530125214,
    1.464456779222391,
    1.4706055606369655,
    1.4766868451192423,
    1.481749677086822,
    1.485758146450019,
    1.491821271201301,
    1.4996269270763762,
    1.5096087247867336,
    1.5173117902987183,
    1.5239596698102702,
    1.5342619004980518
  ],
  "altitude_series": [
    0.006058862798797845,
    0.006063511435628079,
    0.006068151243227441,
    0.0060727488275707665,
    0.006077267693772486,
    0.006081761449247522,
    0.006086281401366685,
    0.0060906439399377385,
    0.006094799745760373,
    0.006098699612654268,
    0.006102295218955917,
    0.006105539896340833,
    0.006108389382294843,
    0.006110802542890434,
    0.006112742053098247,
    0.006114175022678736,
    0.006115073556720252,
    0.006115415241110762,
    0.0061151835446120765,
    0.006114368130731408,
    0.006112965074213411,
    0.006110976978687184,
    0.00610841299375104,
    0.006105288731544079,
    0.006101626084593672,
    0.006097452948419758,
    0.006120079329957582,
    0.0061149909925568655,
    0.006109507785097872,
    0.006103677144952104,
    0.006097549924580879,
    0.0060911796969986675,
    0.006084622027784789,
    0.006077933725794578,
    0.006071172084950194,
    0.006064394129505352,
    0.006057655874982026,
    0.00605101161657468,
    0.006044513256220967,
    0.006038209678758511,
    0.00603214618663657,
    0.006026364001557345,
    0.006020899840188855,
    0.006015785569758602,
    0.006039627935481664,
    0.006035288437310093,
    0.0060313631709295705,
    0.00602786288147052,
    0.006024793041819668,
    0.006022154026984158,
    0.006019941367542927,
    0.00601814607632512,
    0.006016755041249097,
    0.006015751476170169,
    0.0060160635317905034,
    0.006016768034508677,
    0.006013467440923168,
    0.006014578299653117,
    0.00601585394976678,
    0.005991878827770774,
    0.005993409527843442,
    0.006019683032052572,
    0.006021377648561148,
    0.006023124605134771,
    0.006024907234237711,
    0.006026711484172621,
    0.00599994610360169,
    0.006001762698904213,
    0.006003575849243929,
    0.006005383030412032,
    0.006007184534858001,
    0.006032714670425627,
    0.006034516124372336,
    0.0060190276576806276,
    0.006020859014935867,
    0.006050943022190337,
    0.00607823790855409,
    0.006080197575268145,
    0.006082225286137835,
    0.006036627949105585,
    0.006038828853933499,
    0.006041690467167836,
    0.00604499169134918,
    0.006048468800637119,
    0.0060521279756750365,
    0.0060559725107936025,
    0.0060600024413415545,
    0.006064214231201573,
    0.006068600527621121,
    0.006073149989192695,
    0.006043193913856322
  ],
  "anomaly_series": [
    0.9561817646026611,
    0.9555112719535828,
    0.9549274444580078,
    0.9544809460639954,
    0.9541017413139343,
    0.9537949562072754,
    0.9534596800804138,
    0.9530822038650513,
    0.9527490139007568,
    0.9525399804115295,
    0.9525279402732849,
    0.9524929523468018,
    0.9525685906410217,
    0.9527170062065125,
    0.9527691006660461,
    0.9528130292892456,
    0.952768862247467,
    0.9526216387748718,
    0.9524964094161987,
    0.9524555802345276,
    0.952452540397644,
    0.9523015022277832,
    0.9520564079284668,
    0.9518397450447083,
    0.9516634345054626,
    0.9515350461006165,
    44.6807975769043,
    44.67986297607422,
    44.678855895996094,
    44.677886962890625,
    44.6768684387207,
    44.675811767578125,
    44.67478561401367,
    44.673831939697266,
    44.67295455932617,
    44.67208480834961,
    44.67128372192383,
    44.67056655883789,
    44.669960021972656,
    44.669525146484375,
    44.66934585571289,
    44.66929626464844,
    44.6694221496582,
    44.66975402832031,
    81.92399597167969,
    81.92980194091797,
    81.93548583984375,
    81.94087982177734,
    81.94613647460938,
    81.95137786865234,
    81.95646667480469,
    81.9613265991211,
    81.96591186523438,
    81.97046661376953,
    81.97481536865234,
    81.97896575927734,
    78.02354431152344,
    78.02281188964844,
    78.02078247070312,
    127.6333236694336,
    127.62661743164062,
    138.98045349121094,
    138.9725799560547,
    138.96298217773438,
    138.9517059326172,
    138.93882751464844,
    101.67312622070312,
    101.66350555419922,
    101.65278625488281,
    101.64112091064453,
    101.62870025634766,
    134.522216796875,
    134.5093994140625,
    140.71080017089844,
    140.69671630859375,
    204.24876403808594,
    154.6895751953125,
    154.68382263183594,
    154.67886352539062,
    103.66947937011719,
    103.67581939697266,
    103.6830062866211,
    103.69102478027344,
    103.6998062133789,
    103.70942687988281,
    103.71989440917969,
    103.73129272460938,
    103.74356079101562,
    103.75662231445312,
    103.77030181884766,
    0.9635832905769348
  ],
  "collision_series": [
    0.0,
    0.0,
    0.0,
    0.0,
    0.0,
    0.0,
    0.0,
    0.0,
    0.0,
    0.0,
    0.0,
    0.0,
    0.0,
    0.0,
    0.0,
    0.0,
    0.0,
    0.0,
    0.0,
    0.0,
    0.0,
    0.0,
    0.0,
    0.0,
    0.0,
    0.0,
    0.0,
    0.0,
    0.0,
    0.0,
    0.0,
    0.0,
    0.0,
    0.0,
    0.0,
    0.0,
    0.0,
    0.0,
    0.0,
    0.0,
    0.0,
    0.0,
    0.0,
    0.0,
    0.0,
    0.0,
    0.0,
    0.0,
    0.0,
    0.0,
    0.0,
    0.0,
    0.0,
    0.0,
    0.0,
    0.0,
    0.0,
    0.0,
    0.0,
    0.0,
    0.0,
    0.0,
    0.0,
    0.0,
    0.0,
    0.0,
    0.0,
    0.0,
    0.0,
    0.0,
    0.0,
    0.0,
    0.0,
    0.0,
    0.0,
    0.0,
    0.0,
    0.0,
    0.0,
    0.0,
    0.0,
    0.0,
    0.0,
    0.0,
    0.0,
    0.0,
    0.0,
    0.0,
    0.0,
    0.0,
    0.0
  ],