{
  "num_satellites": 100,
  "episode_reward": -1967.7143401589612,
  "phase_mean": 1.5727618471595908,
  "altitude_mean": 0.006033214810902526,
  "anomaly_mean": 65.58055527852132,
  "collision_penalty_mean": 0.0,
  "coverage_penalty_mean": 1.0,
  "fault_fraction_mean": 0.01769230739919694,
  "anomaly_event_fraction_mean": 0.1654945051113328,
  "min_separation_km_min": 26.117824823978236,
  "phase_series": [
    1.6001248003498703,
    1.6212610776483405,
    1.6420834800437993,
    1.660186544404818,
    1.6777860755611274,
    1.6951029773752238,
    1.7099280964755703,
    1.7225346974371043,
    1.7331059603627623,
    1.7440732841276279,
    1.752375052055041,
    1.7584499971667606,
    1.7628098926997664,
    1.7677379288970068,
    1.772373437327762,
    1.7780745109959575,
    1.7827783878790564,
    1.7890993618957702,
    1.7948676358679347,
    1.7967287252736992,
    1.7968082332107775,
    1.7964224959954591,
    1.797345926391202,
    1.7950482363222164,
    1.7936573884470561,
    1.790594301408661,
    1.7834435460592826,
    1.777053035035261,
    1.7716836495472628,
    1.764853633725562,
    1.7583996925438263,
    1.7503762315327582,
    1.7419118141957373,
    1.7296075203125496,
    1.7181875875696415,
    1.7067466121213029,
    1.695762664638312,
    1.684978468619315,
    1.674115101455175,
    1.6621612478531262,
    1.6508242974764342,
    1.6388056036286895,
    1.626002588011602,
    1.6106344764302662,
    1.592825734693089,
    1.579039456070022,
    1.5665781239726326,
    1.552705280489183,
    1.5385827356488215,
    1.5262785194108253,
    1.5162439536580563,
    1.5060940236035938,
    1.491494426695676,
    1.4789230465540135,
    1.4669958546481923,
    1.4551085584289352,
    1.4471493361106302,
    1.4395408722568166,
    1.4343618981041752,
    1.4319579327305005,
    1.429521031351072,
    1.4253870139276856,
    1.424656176933829,
    1.4221669553222305,
    1.4180613964844935,
    1.412073776836251,
    1.4063310661435566,
    1.4006998620357345,
    1.3989032647368709,
    1.3960110829487196,
    1.3909454964367318,
    1.3847397227806144,
    1.3830222683811757,
    1.3826449735133368,
    1.3837861724493272,
    1.3851044987322532,
    1.3851220153381427,
    1.3823600485426562,
    1.3786858501347903,
    1.3716857421091515,
    1.3650544358335406,
    1.3595875137155948,
    1.3593248458070477,
    1.3611277474570034,
    1.3624713517423745,
    1.3638385371952564,
    1.367748015168865,
    1.3713674346058764,
    1.3754180021995237,
    1.3826593266000418,
    1.3900364366073443
  ],
  "altitude_series": [
    0.005849627375937564,
    0.0058466619849533216,
    0.005844457013102771,
    0.0058430294862208175,
    0.0058423905178090684,
    0.005842545183529918,
    0.005843492467473467,
    0.005845225280847517,
    0.005847730552606274,
    0.005850989390410597,
    0.0058549773092284145,
    0.005859724492033685,
    0.0058661694364967555,
    0.00587316913303067,
    0.005880676457158542,
    0.005888641766718542,
    0.0058970134088645,
    0.005905738234180212,
    0.005914762110658381,
    0.00592403043043896,
    0.005934586487764955,
    0.0059453064163667345,
    0.005956022821463084,
    0.005966679366891833,
    0.005977222609523358,
    0.005987602331119846,
    0.006025061336196874,
    0.006034977539422298,
    0.006044870246732281,
    0.006055522024221524,
    0.006065870130666288,
    0.0060758837798379735,
    0.006085535039123181,
    0.0060947986382564115,
    0.006103651747296493,
    0.006112073730722547,
    0.006120045884858438,
    0.006127551166034428,
    0.006134573916960706,
    0.006141099598715905,
    0.006147114535545989,
    0.006152605679327405,
    0.006157560400079832,
    0.00616196630832053,
    0.006194404778833695,
    0.0061976761932159416,
    0.006200361871883751,
    0.006202449408220065,
    0.006203926373550835,
    0.006204780406350805,
    0.006204999349401509,
    0.006204571433052372,
    0.006203485501674579,
    0.006201759291679456,
    0.006200211883592832,
    0.006198622256288841,
    0.006192245439666039,
    0.0061894771659182215,
    0.0061860921702681475,
    0.006156687465388923,
    0.006152069786408828,
    0.0061715025547620615,
    0.006165668113236974,
    0.0061592378671833726,
    0.006152224243846241,
    0.0061446429977403275,
    0.00610791975205165,
    0.00609926483024776,
    0.006090111405083284,
    0.00608049024977569,
    0.006070436119738409,
    0.006083730459719245,
    0.006072930500144007,
    0.006044516971368073,
    0.006033156856077292,
    0.006049830815793986,
    0.006063526877090247,
    0.006051734948300774,
    0.00603991945383509,
    0.005980415715550829,
    0.005970284343384025,
    0.005960365702213568,
    0.0059506001413090325,
    0.005941048569233233,
    0.0059317723781148815,
    0.005922832844518289,
    0.0059142905112344775,
    0.005906204558903062,
    0.005898632176640994,
    0.005891627940976537,
    0.005850573351512784
  ],
  "anomaly_series": [
    0.9560852646827698,
    0.9559527635574341,
    0.955912709236145,
    0.9559069871902466,
    0.956002414226532,
    0.9562602043151855,
    0.9567205905914307,
    0.9574690461158752,
    0.9582477807998657,
    0.9589818716049194,
    0.9597417712211609,
    0.9604122638702393,
    0.9611607193946838,
    0.9617941975593567,
    0.9624453186988831,
    0.9631529450416565,
    0.9639824032783508,
    0.9648815989494324,
    0.9657407402992249,
    0.9667200446128845,
    0.9679625630378723,
    0.9693123698234558,
    0.9704933762550354,
    0.9718582034111023,
    0.9730521440505981,
    0.9742304086685181,
    45.60176086425781,
    45.601600646972656,
    45.600181579589844,
    45.59770965576172,
    45.59430694580078,
    45.59012222290039,
    45.58539962768555,
    45.580284118652344,
    45.574771881103516,
    45.568931579589844,
    45.562957763671875,
    45.55686569213867,
    45.550445556640625,
    45.5439453125,
    45.537567138671875,
    45.53114318847656,
    45.52464294433594,
    45.51814270019531,
    83.291015625,
    83.28428649902344,
    83.27810668945312,
    83.27246856689453,
    83.26740264892578,
    83.26296997070312,
    83.25923156738281,
    83.2559585571289,
    83.2532730102539,
    83.25090789794922,
    83.24901580810547,
    83.2475357055664,
    79.12537384033203,
    79.1235122680664,
    79.12213897705078,
    129.7229461669922,
    129.72625732421875,
    141.22869873046875,
    141.23069763183594,
    141.23365783691406,
    141.2378387451172,
    141.2430877685547,
    103.4184341430664,
    103.42166137695312,
    103.42591094970703,
    103.43124389648438,
    103.43762969970703,
    136.9698028564453,
    136.97486877441406,
    143.39488220214844,
    143.3986053466797,
    208.1010284423828,
    157.41787719726562,
    157.4209442138672,
    157.4255828857422,
    105.56476593017578,
    105.56305694580078,
    105.56204223632812,
    105.56183624267578,
    105.5622329711914,
    105.56327819824219,
    105.56493377685547,
    105.56718444824219,
    105.56995391845703,
    105.57318115234375,
    105.57666015625,
    0.9512904286384583
  ],
  "collision_series": [
    0.0,
    0.0,
    0.0,
    0.0,
    0.0,
    0.0,
    0.0,
    0.0,
    0.0,
    0.0,
    0.0,
    0.0,
    0.0,
    0.0,
    0.0,
    0.0,
    0.0,
    0.0,
    0.0,
    0.0,
    0.0,
    0.0,
    0.0,
    0.0,
    0.0,
    0.0,
    0.0,
    0.0,
    0.0,
    0.0,
    0.0,
    0.0,
    0.0,
    0.0,
    0.0,
    0.0,
    0.0,
    0.0,
    0.0,
    0.0,
    0.0,
    0.0,
    0.0,
    0.0,
    0.0,
    0.0,
    0.0,
    0.0,
    0.0,
    0.0,
    0.0,
    0.0,
    0.0,
    0.0,
    0.0,
    0.0,
    0.0,
    0.0,
    0.0,
    0.0,
    0.0,
    0.0,
    0.0,
    0.0,
    0.0,
    0.0,
    0.0,
    0.0,
    0.0,
    0.0,
    0.0,
    0.0,
    0.0,
    0.0,
    0.0,
    0.0,
    0.0,
    0.0,
    0.0,
    0.0,
    0.0,
    0.0,
    0.0,
    0.0,
    0.0,
    0.0,
    0.0,
    0.0,
    0.0,
    0.0,
    0.0
  ],