{
  "num_satellites": 100,
  "episode_reward": -1933.2284296015243,
  "phase_mean": 1.5693451287132543,
  "altitude_mean": 0.0058958390421375425,
  "anomaly_mean": 64.42202158485141,
  "collision_penalty_mean": 0.0,
  "coverage_penalty_mean": 1.0,
  "fault_fraction_mean": 0.01769230739919694,
  "anomaly_event_fraction_mean": 0.1756043976152336,
  "min_separation_km_min": 60.539486413784374,
  "phase_series": [
    1.4126113617847835,
    1.4257526024754055,
    1.4396419867757027,
    1.4532537116832034,
    1.4658719827962892,
    1.4756074476150627,
    1.4841699009873293,
    1.4946918409611056,
    1.5065759003664567,
    1.5200594514422667,
    1.531377974347032,
    1.5443293893950836,
    1.554911218898022,
    1.5678221659364722,
    1.578646894967125,
    1.5911020452796532,
    1.603564671301096,
    1.6152585898419805,
    1.6281009985370232,
    1.6391487252294288,
    1.6523845189435997,
    1.6652329157184633,
    1.6764745090992363,
    1.6835942458075472,
    1.6904293582980348,
    1.6973123809393684,
    1.7063068614167107,
    1.714276342740864,
    1.7237793391074299,
    1.7345204236783054,
    1.7450987976163561,
    1.754065638870789,
    1.759797011128888,
    1.7633346080295487,
    1.7670654433910788,
    1.772448254012702,
    1.779645480819029,
    1.7843537305349713,
    1.7893817480116467,
    1.7939035920886142,
    1.8013722617572911,
    1.805922573829492,
    1.8060175042423745,
    1.8049024494039339,
    1.8002216739813415,
    1.794749833055551,
    1.7863019838334038,
    1.7781461282667512,
    1.7674305442781284,
    1.7559929510226024,
    1.7438193822567534,
    1.728575311878977,
    1.71325332817199,
    1.6958370058818861,
    1.677044718396961,
    1.6568538225779417,
    1.6370105535797512,
    1.6166644423268344,
    1.5927070203728233,
    1.570473350559911,
    1.5482353278382959,
    1.5266769185468965,
    1.5071588448933577,
    1.4867687818246111,
    1.4678855631239494,
    1.4531809315739637,
    1.437711183365325,
    1.423072291326278,
    1.4079257311514157,
    1.3947979781251862,
    1.3843631023628438,
    1.3736920539705446,
    1.3635576049011378,
    1.3547286461968702,
    1.3475341303362112,
    1.3431771794843792,
    1.3402000954964408,
    1.337396861248627,
    1.3355456558392402,
    1.3371961680718254,
    1.3423844066601278,
    1.3470049522016487,
    1.349843232107586,
    1.3529696518297987,
    1.3552596313243352,
    1.3571584640874013,
    1.3604904031592577,
    1.3629744566695183,
    1.363191793483936,
    1.3638023236047092,
    1.365321447552014
  ],
  "altitude_series": [
    0.005853665486883029,
    0.005850295214324902,
    0.0058481113310329055,
    0.005845703386587571,
    0.005843004301006368,
    0.005840043854685927,
    0.005836855398604422,
    0.005833475334149666,
    0.005830911451790984,
    0.005828375150389321,
    0.005825874891024472,
    0.00582344245336115,
    0.0058211088935700124,
    0.005818904046276155,
    0.005816856047470168,
    0.005814990886525277,
    0.005813480062150537,
    0.005812365693891733,
    0.005811518887940503,
    0.005810956224794422,
    0.005811132926084703,
    0.005811644106107342,
    0.005812484749106715,
    0.005813655387547243,
    0.005815153222964463,
    0.005816972105818653,
    0.005846387118759313,
    0.005848816437741412,
    0.0058515287835228845,
    0.005854505377020553,
    0.0058577247094068596,
    0.005861162798128436,
    0.005864793478954075,
    0.0058685887292777685,
    0.00587251901733691,
    0.005876553671539177,
    0.005880661263729337,
    0.0058848099999806594,
    0.005888968112373826,
    0.005893104245228275,
    0.005897187829382641,
    0.005901189438378766,
    0.005905081120781518,
    0.005908836703361782,
    0.005941020512347922,
    0.005944433797459216,
    0.005947645633737588,
    0.005950639261113885,
    0.00595340063840667,
    0.00595591849979073,
    0.005958184365833182,
    0.00596019251017463,
    0.005961939883754839,
    0.005963425999251108,
    0.005964652779093399,
    0.00596562437103235,
    0.005962124627844031,
    0.005962606103520659,
    0.0059628559525355404,
    0.005937486962814039,
    0.005937306706744749,
    0.00596263095468915,
    0.005963308479630287,
    0.0059637170621566656,
    0.005963868638663561,
    0.0059637757687328145,
    0.005934862889808763,
    0.005934319845598669,
    0.0059335709147697695,
    0.005932628381927191,
    0.005931503876412214,
    0.005953946576620013,
    0.005952890657712174,
    0.005934599449500444,
    0.005933333058555401,
    0.005960018036491932,
    0.00598359294985197,
    0.005981494113385114,
    0.005979121515084075,
    0.005928757819708953,
    0.005925845720577166,
    0.0059226691281737175,
    0.005919232598678852,
    0.005916088160914351,
    0.005913059137262754,
    0.005909904436809927,
    0.005906623823598281,
    0.0059032176423026925,
    0.0059007382518034635,
    0.005898302432103375,
    0.005860871578545212
  ],
  "anomaly_series": [
    0.9486561417579651,
    0.9484190940856934,
    0.9483259320259094,
    0.9484610557556152,
    0.9486587643623352,
    0.9488111734390259,
    0.9490203857421875,
    0.9493405818939209,
    0.9497212767601013,
    0.95015549659729,
    0.9506385326385498,
    0.9510951042175293,
    0.9514394998550415,
    0.9517353773117065,
    0.9516862630844116,
    0.9514604210853577,
    0.9511092305183411,
    0.9506403207778931,
    0.9499933123588562,
    0.9492493271827698,
    0.9484381675720215,
    0.947521984577179,
    0.9465373158454895,
    0.9454976916313171,
    0.9445852637290955,
    0.9437119364738464,
    44.69715881347656,
    44.69639205932617,
    44.69602584838867,
    44.69609069824219,
    44.696632385253906,
    44.69758605957031,
    44.69892883300781,
    44.70059585571289,
    44.70256423950195,
    44.70488739013672,
    44.70750045776367,
    44.710391998291016,
    44.71353530883789,
    44.717041015625,
    44.720703125,
    44.7244987487793,
    44.72837448120117,
    44.732364654541016,
    81.9203872680664,
    81.92012786865234,
    81.91993713378906,
    81.91998291015625,
    81.92019653320312,
    81.920654296875,
    81.92134857177734,
    81.92243194580078,
    81.92386627197266,
    81.92567443847656,
    81.92803955078125,
    81.93090057373047,
    77.73734283447266,
    77.73793029785156,
    77.73948669433594,
    127.41598510742188,
    127.4159164428711,
    138.72763061523438,
    138.72560119628906,
    138.72479248046875,
    138.72525024414062,
    138.72671508789062,
    101.55339050292969,
    101.5536117553711,
    101.55451202392578,
    101.55614471435547,
    101.5582046508789,
    134.47640991210938,
    134.48626708984375,
    140.69166564941406,
    140.70205688476562,
    204.30868530273438,
    154.62779235839844,
    154.63168334960938,
    154.63575744628906,
    103.69938659667969,
    103.70378112792969,
    103.70838928222656,
    103.7132339477539,
    103.71829986572266,
    103.72342681884766,
    103.72852325439453,
    103.73345947265625,
    103.738037109375,
    103.74208068847656,
    103.74551391601562,
    0.9472705125808716
  ],
  "collision_series": [
    0.0,
    0.0,
    0.0,
    0.0,
    0.0,
    0.0,
    0.0,
    0.0,
    0.0,
    0.0,
    0.0,
    0.0,
    0.0,
    0.0,
    0.0,
    0.0,
    0.0,
    0.0,
    0.0,
    0.0,
    0.0,
    0.0,
    0.0,
    0.0,
    0.0,
    0.0,
    0.0,
    0.0,
    0.0,
    0.0,
    0.0,
    0.0,
    0.0,
    0.0,
    0.0,
    0.0,
    0.0,
    0.0,
    0.0,
    0.0,
    0.0,
    0.0,
    0.0,
    0.0,
    0.0,
    0.0,
    0.0,
    0.0,
    0.0,
    0.0,
    0.0,
    0.0,
    0.0,
    0.0,
    0.0,
    0.0,
    0.0,
    0.0,
    0.0,
    0.0,
    0.0,
    0.0,
    0.0,
    0.0,
    0.0,
    0.0,
    0.0,
    0.0,
    0.0,
    0.0,
    0.0,
    0.0,
    0.0,
    0.0,
    0.0,
    0.0,
    0.0,
    0.0,
    0.0,
    0.0,
    0.0,
    0.0,
    0.0,
    0.0,
    0.0,
    0.0,
    0.0,
    0.0,
    0.0,
    0.0,
    0.0
  ],