{
  "num_satellites": 100,
  "episode_reward": -1895.2053191772025,
  "phase_mean": 1.5518490264950646,
  "altitude_mean": 0.005912098381025676,
  "anomaly_mean": 63.148338816323125,
  "collision_penalty_mean": 0.0,
  "coverage_penalty_mean": 1.0,
  "fault_fraction_mean": 0.01769230739919694,
  "anomaly_event_fraction_mean": 0.12637362506363417,
  "min_separation_km_min": 45.985386265187856,
  "phase_series": [
    1.6987322939919471,
    1.7017811553941216,
    1.7034270498751862,
    1.705637047630195,
    1.7089622879776336,
    1.710622659545022,
    1.7085756421347216,
    1.7056014112720093,
    1.6991982634832874,
    1.6899291986890312,
    1.67387963618508,
    1.6579293780040378,
    1.6412189362619227,
    1.6237485690102853,
    1.606236897771858,
    1.5899622665986235,
    1.5721824954774337,
    1.5531425595639152,
    1.535952701192334,
    1.5204100172575363,
    1.5065726166775073,
    1.4960218451829927,
    1.48632833703828,
    1.4831200073268505,
    1.4807097312927597,
    1.4756292166104243,
    1.466292851234114,
    1.4569258043017288,
    1.445993625783253,
    1.434256440365575,
    1.422174103029569,
    1.4098914032092527,
    1.39432654610812,
    1.3823074399111774,
    1.3726143820106878,
    1.365518454919541,
    1.3593367145570159,
    1.3576512972600585,
    1.3601148917603176,
    1.3656719029196025,
    1.372436548750899,
    1.3786525741876952,
    1.3862708128230639,
    1.3925222521105673,
    1.3992473294647794,
    1.4052898150074369,
    1.4085100493901306,
    1.41074698383235,
    1.413969240432541,
    1.416979226340266,
    1.4172804160113528,
    1.4179192483189995,
    1.4188325972058726,
    1.4210122859262606,
    1.424720018808135,
    1.4324274495090277,
    1.4463663312963368,
    1.4624415761485008,
    1.4798167368354873,
    1.497265206957434,
    1.5146211812848143,
    1.5314691903771758,
    1.5472641852607185,
    1.5613873590768934,
    1.5743461969116401,
    1.586330359522821,
    1.5982734506512901,
    1.6089807080831904,
    1.6138313294133266,
    1.6173162440871527,
    1.6212162399795624,
    1.6274101106129306,
    1.6341197996144452,
    1.6435209575810228,
    1.6533298887056542,
    1.6637915942018882,
    1.6730103071377287,
    1.6819431986078457,
    1.6954828328495941,
    1.7067160574825622,
    1.7161913473384975,
    1.7244355126781716,
    1.729183692403726,
    1.732462864754585,
    1.7325968981670332,
    1.7287553201421233,
    1.723516826764089,
    1.7188992260550713,
    1.7135339877928468,
    1.7081511974903016,
    1.7048785678500271
  ],
  "altitude_series": [
    0.005937755994366415,
    0.005937883594336788,
    0.005937587784502623,
    0.00593686512977378,
    0.00593571507773092,
    0.005934140041526434,
    0.005932145451413589,
    0.005929739773435674,
    0.005927221399660399,
    0.00592466545656076,
    0.005921832646228059,
    0.0059187422987739624,
    0.005915415248203858,
    0.005913393168785386,
    0.0059115158242245966,
    0.005909416314497785,
    0.0059071099329832165,
    0.005904613419793795,
    0.005901944775563994,
    0.005899123060616816,
    0.005896168182492174,
    0.005893100675015067,
    0.0058899414722257985,
    0.005886711680576932,
    0.0058834323528317,
    0.005880124267063571,
    0.005904108872924939,
    0.005900803455194697,
    0.00589752790044225,
    0.005894299892342152,
    0.005891135920925993,
    0.00588805115468852,
    0.005885059336103115,
    0.005882172701841813,
    0.005879401928573867,
    0.005877194471834789,
    0.005876024991986127,
    0.005874953947701335,
    0.005873977118618537,
    0.005873089756819026,
    0.005872286750468443,
    0.005871562789135247,
    0.005870912527781274,
    0.005870501651286639,
    0.005900086638272347,
    0.005901081787132323,
    0.005902078742535308,
    0.005903064831251001,
    0.005904029106398415,
    0.00590496250597727,
    0.005905857973082596,
    0.005906710535831089,
    0.005907517345713557,
    0.0059082776737922685,
    0.00590899286487885,
    0.0059096662505477085,
    0.005906078145057574,
    0.0059066851913537975,
    0.005907270897747772,
    0.005882431529147323,
    0.0058830045309664816,
    0.005908260497599198,
    0.0059088661013323,
    0.005910810622839875,
    0.005913226284005143,
    0.0059157258128374,
    0.005889704369457092,
    0.005892372750431382,
    0.0058951220948693876,
    0.005897947129817541,
    0.005900840208484399,
    0.005927544074311025,
    0.005930540524792717,
    0.005916251604568828,
    0.005919291641910289,
    0.005950572927787006,
    0.005978992063430033,
    0.005981946558681388,
    0.005984824944828762,
    0.005939852289225681,
    0.005942499390829235,
    0.005944989969575353,
    0.005947296525271318,
    0.005949391889971596,
    0.00595124965444886,
    0.0059528445967199795,
    0.005954458390979159,
    0.005955762399671771,
    0.005957484448054895,
    0.005959217571787301,
    0.005925898593278944
  ],
  "anomaly_series": [
    0.9645031094551086,
    0.9647833108901978,
    0.9649739861488342,
    0.9651170969009399,
    0.965223491191864,
    0.9652462601661682,
    0.965192973613739,
    0.965076208114624,
    0.9648834466934204,
    0.9645560383796692,
    0.9641593098640442,
    0.9637364149093628,
    0.963291347026825,
    0.9628791213035583,
    0.9624552130699158,
    0.9619962573051453,
    0.9615287780761719,
    0.9610151648521423,
    0.9604417681694031,
    0.9598255753517151,
    0.9591922163963318,
    0.9585435390472412,
    0.9579092264175415,
    0.9572650194168091,
    0.9566821455955505,
    0.9561224579811096,
    43.798828125,
    43.794921875,
    43.79133224487305,
    43.788055419921875,
    43.785030364990234,
    43.782371520996094,
    43.780029296875,
    43.77806091308594,
    43.77641677856445,
    43.77474594116211,
    43.77351379394531,
    43.77268600463867,
    43.77226638793945,
    43.772220611572266,
    43.772525787353516,
    43.77324295043945,
    43.77434539794922,
    43.775718688964844,
    80.1926498413086,
    80.19690704345703,
    80.20161437988281,
    80.20659637451172,
    80.21188354492188,
    80.2173080444336,
    80.22278594970703,
    80.22810363769531,
    80.23330688476562,
    80.2382583618164,
    80.24288940429688,
    80.24716186523438,
    76.36357879638672,
    76.37386322021484,
    76.38360595703125,
    125.05091857910156,
    125.0599136352539,
    136.06838989257812,
    136.07591247558594,
    136.0825653076172,
    136.08824157714844,
    136.09295654296875,
    99.61488342285156,
    99.6180648803711,
    99.62089538574219,
    99.62354278564453,
    99.6260757446289,
    131.84715270996094,
    131.84808349609375,
    137.94644165039062,
    137.94619750976562,
    200.2509002685547,
    151.57371520996094,
    151.57594299316406,
    151.57778930664062,
    101.58573913574219,
    101.58856201171875,
    101.5909652709961,
    101.59298706054688,
    101.59458923339844,
    101.59585571289062,
    101.59668731689453,
    101.59721374511719,
    101.59732055664062,
    101.59703826904297,
    101.59646606445312,
    0.9633996486663818
  ],
  "collision_series": [
    0.0,
    0.0,
    0.0,
    0.0,
    0.0,
    0.0,
    0.0,
    0.0,
    0.0,
    0.0,
    0.0,
    0.0,
    0.0,
    0.0,
    0.0,
    0.0,
    0.0,
    0.0,
    0.0,
    0.0,
    0.0,
    0.0,
    0.0,
    0.0,
    0.0,
    0.0,
    0.0,
    0.0,
    0.0,
    0.0,
    0.0,
    0.0,
    0.0,
    0.0,
    0.0,
    0.0,
    0.0,
    0.0,
    0.0,
    0.0,
    0.0,
    0.0,
    0.0,
    0.0,
    0.0,
    0.0,
    0.0,
    0.0,
    0.0,
    0.0,
    0.0,
    0.0,
    0.0,
    0.0,
    0.0,
    0.0,
    0.0,
    0.0,
    0.0,
    0.0,
    0.0,
    0.0,
    0.0,
    0.0,
    0.0,
    0.0,
    0.0,
    0.0,
    0.0,
    0.0,
    0.0,
    0.0,
    0.0,
    0.0,
    0.0,
    0.0,
    0.0,
    0.0,
    0.0,
    0.0,
    0.0,
    0.0,
    0.0,
    0.0,
    0.0,
    0.0,
    0.0,
    0.0,
    0.0,
    0.0,
    0.0
  ],